Ubigeo,COD_DEP,COD_PROV,COD_DIST,Departamento,Provincia,Distrito
010701,01,07,01,Amazonas,Utcubamba,Bagua Grande
010702,01,07,02,Amazonas,Utcubamba,Cajaruro
010703,01,07,03,Amazonas,Utcubamba,Cumba
010704,01,07,04,Amazonas,Utcubamba,El Milagro
010705,01,07,05,Amazonas,Utcubamba,Jamalca
010706,01,07,06,Amazonas,Utcubamba,Lonya Grande
010707,01,07,07,Amazonas,Utcubamba,Yamón
010101,01,01,01,Amazonas,Chachapoyas,Chachapoyas
010102,01,01,02,Amazonas,Chachapoyas,Asunción
010103,01,01,03,Amazonas,Chachapoyas,Balsas
010104,01,01,04,Amazonas,Chachapoyas,Cheto
010105,01,01,05,Amazonas,Chachapoyas,Chiliquín
010106,01,01,06,Amazonas,Chachapoyas,Chuquibamba
010107,01,01,07,Amazonas,Chachapoyas,Granada
010108,01,01,08,Amazonas,Chachapoyas,Huancas
010109,01,01,09,Amazonas,Chachapoyas,La Jalca
010110,01,01,10,Amazonas,Chachapoyas,Leimebamba
010111,01,01,11,Amazonas,Chachapoyas,Levanto
010112,01,01,12,Amazonas,Chachapoyas,Magdalena
010113,01,01,13,Amazonas,Chachapoyas,Mariscal Castilla
010114,01,01,14,Amazonas,Chachapoyas,Molinopampa
010115,01,01,15,Amazonas,Chachapoyas,Montevideo
010116,01,01,16,Amazonas,Chachapoyas,Olleros
010117,01,01,17,Amazonas,Chachapoyas,Quinjalca
010118,01,01,18,Amazonas,Chachapoyas,San Francisco de Daguas
010119,01,01,19,Amazonas,Chachapoyas,San Isidro de Maino
010120,01,01,20,Amazonas,Chachapoyas,Soloco
010121,01,01,21,Amazonas,Chachapoyas,Sonche
010501,01,05,01,Amazonas,Rodríguez de Mendoza,San Nicolás
010502,01,05,02,Amazonas,Rodríguez de Mendoza,Cochamal
010503,01,05,03,Amazonas,Rodríguez de Mendoza,Chirimoto
010504,01,05,04,Amazonas,Rodríguez de Mendoza,Huambo
010505,01,05,05,Amazonas,Rodríguez de Mendoza,Limabamba
010506,01,05,06,Amazonas,Rodríguez de Mendoza,Longar
010507,01,05,07,Amazonas,Rodríguez de Mendoza,Milpuc
010508,01,05,08,Amazonas,Rodríguez de Mendoza,Mariscal Benavides
010509,01,05,09,Amazonas,Rodríguez de Mendoza,Omia
010510,01,05,10,Amazonas,Rodríguez de Mendoza,Santa Rosa
010511,01,05,11,Amazonas,Rodríguez de Mendoza,Totora
010512,01,05,12,Amazonas,Rodríguez de Mendoza,Vista Alegre
010301,01,03,01,Amazonas,Bongará,Jumbilla
010302,01,03,02,Amazonas,Bongará,Corosha
010303,01,03,03,Amazonas,Bongará,Cuispes
010304,01,03,04,Amazonas,Bongará,Chisquilla
010305,01,03,05,Amazonas,Bongará,Churuja
010306,01,03,06,Amazonas,Bongará,Florida
010307,01,03,07,Amazonas,Bongará,Recta
010308,01,03,08,Amazonas,Bongará,San Carlos
010309,01,03,09,Amazonas,Bongará,Shipasbamba
010310,01,03,10,Amazonas,Bongará,Valera
010311,01,03,11,Amazonas,Bongará,Yambrasbamba
010312,01,03,12,Amazonas,Bongará,Jazán
010401,01,04,01,Amazonas,Luya,Lámud
010402,01,04,02,Amazonas,Luya,Camporredondo
010403,01,04,03,Amazonas,Luya,Cocabamba
010404,01,04,04,Amazonas,Luya,Colcamar
010405,01,04,05,Amazonas,Luya,Conila
010406,01,04,06,Amazonas,Luya,Inguilpata
010407,01,04,07,Amazonas,Luya,Longuita
010408,01,04,08,Amazonas,Luya,Lonya Chico
010409,01,04,09,Amazonas,Luya,Luya
010410,01,04,10,Amazonas,Luya,Luya Viejo
010411,01,04,11,Amazonas,Luya,María
010412,01,04,12,Amazonas,Luya,Ocalli
010413,01,04,13,Amazonas,Luya,Ocumal
010414,01,04,14,Amazonas,Luya,Pisuquia
010415,01,04,15,Amazonas,Luya,San Cristóbal
010416,01,04,16,Amazonas,Luya,San Francisco del Yeso
010417,01,04,17,Amazonas,Luya,San Jerónimo
010418,01,04,18,Amazonas,Luya,San Juan de Lopecancha
010419,01,04,19,Amazonas,Luya,Santa Catalina
010420,01,04,20,Amazonas,Luya,Santo Tomás
010421,01,04,21,Amazonas,Luya,Tingo
010422,01,04,22,Amazonas,Luya,Trita
010423,01,04,23,Amazonas,Luya,Providencia
010201,01,02,01,Amazonas,Bagua,La Peca
010202,01,02,02,Amazonas,Bagua,Aramango
010203,01,02,03,Amazonas,Bagua,Copallín
010204,01,02,04,Amazonas,Bagua,El Parco
010205,01,02,05,Amazonas,Bagua,Bagua
010206,01,02,06,Amazonas,Bagua,Imaza
010601,01,06,01,Amazonas,Condorcanqui,Nieva
010602,01,06,02,Amazonas,Condorcanqui,Río Santiago
010603,01,06,03,Amazonas,Condorcanqui,El Cenepa
021101,02,11,01,Áncash,Pomabamba,Pomabamba
021102,02,11,02,Áncash,Pomabamba,Huayllán
021103,02,11,03,Áncash,Pomabamba,Parobamba
021104,02,11,04,Áncash,Pomabamba,Quinuabamba
021801,02,18,01,Áncash,Asunción,Chacas
021802,02,18,02,Áncash,Asunción,Acochaca
021201,02,12,01,Áncash,Recuay,Recuay
021202,02,12,02,Áncash,Recuay,Cotaparaco
021203,02,12,03,Áncash,Recuay,Huayllapampa
021204,02,12,04,Áncash,Recuay,Marca
021205,02,12,05,Áncash,Recuay,Pampas Chico
021206,02,12,06,Áncash,Recuay,Pararín
021207,02,12,07,Áncash,Recuay,Tapacocha
021208,02,12,08,Áncash,Recuay,Ticapampa
021209,02,12,09,Áncash,Recuay,Llacllin
021210,02,12,10,Áncash,Recuay,Cátac
021501,02,15,01,Áncash,Yungay,Yungay
021502,02,15,02,Áncash,Yungay,Cascapara
021503,02,15,03,Áncash,Yungay,Mancos
021504,02,15,04,Áncash,Yungay,Matacoto
021505,02,15,05,Áncash,Yungay,Quillo
021506,02,15,06,Áncash,Yungay,Ranrahirca
021507,02,15,07,Áncash,Yungay,Shupluy
021508,02,15,08,Áncash,Yungay,Yanama
020501,02,05,01,Áncash,Casma,Casma
020502,02,05,02,Áncash,Casma,Buena Vista Alta
020503,02,05,03,Áncash,Casma,Comandante Noél
020505,02,05,05,Áncash,Casma,Yaután
020701,02,07,01,Áncash,Huaylas,Caraz
020702,02,07,02,Áncash,Huaylas,Huallanca
020703,02,07,03,Áncash,Huaylas,Huata
020704,02,07,04,Áncash,Huaylas,Huaylas
020705,02,07,05,Áncash,Huaylas,Mato
020706,02,07,06,Áncash,Huaylas,Pamparomás
020707,02,07,07,Áncash,Huaylas,Pueblo Libre
020708,02,07,08,Áncash,Huaylas,Santa Cruz
020709,02,07,09,Áncash,Huaylas,Yuracmarca
020710,02,07,10,Áncash,Huaylas,Santo Toribio
020101,02,01,01,Áncash,Huaraz,Huaraz
020102,02,01,02,Áncash,Huaraz,Independencia
020103,02,01,03,Áncash,Huaraz,Cochabamba
020104,02,01,04,Áncash,Huaraz,Colcabamba
020105,02,01,05,Áncash,Huaraz,Huanchay
020106,02,01,06,Áncash,Huaraz,Jangas
020107,02,01,07,Áncash,Huaraz,La Libertad
020108,02,01,08,Áncash,Huaraz,Olleros
020109,02,01,09,Áncash,Huaraz,Pampas Grande
020110,02,01,10,Áncash,Huaraz,Pariacoto
020111,02,01,11,Áncash,Huaraz,Pira
020112,02,01,12,Áncash,Huaraz,Tarica
020301,02,03,01,Áncash,Bolognesi,Chiquián
020302,02,03,02,Áncash,Bolognesi,Abelardo Pardo Lezameta
020304,02,03,04,Áncash,Bolognesi,Aquia
020305,02,03,05,Áncash,Bolognesi,Cajacay
020310,02,03,10,Áncash,Bolognesi,Huayllacayán
020311,02,03,11,Áncash,Bolognesi,Huasta
020313,02,03,13,Áncash,Bolognesi,Mangas
020315,02,03,15,Áncash,Bolognesi,Pacllón
020317,02,03,17,Áncash,Bolognesi,San Miguel de Corpanqui
020320,02,03,20,Áncash,Bolognesi,Ticllos
020321,02,03,21,Áncash,Bolognesi,Antonio Raymondi
020322,02,03,22,Áncash,Bolognesi,Canis
020323,02,03,23,Áncash,Bolognesi,Colquioc
020324,02,03,24,Áncash,Bolognesi,La Primavera
020325,02,03,25,Áncash,Bolognesi,Huallanca
020801,02,08,01,Áncash,Huari,Huari
020802,02,08,02,Áncash,Huari,Cajay
020803,02,08,03,Áncash,Huari,Chavín de Huántar
020804,02,08,04,Áncash,Huari,Huacachi
020805,02,08,05,Áncash,Huari,Huachis
020806,02,08,06,Áncash,Huari,Huacchis
020807,02,08,07,Áncash,Huari,Huántar
020808,02,08,08,Áncash,Huari,Masín
020809,02,08,09,Áncash,Huari,Paucas
020810,02,08,10,Áncash,Huari,Ponto
020811,02,08,11,Áncash,Huari,Rahuapampa
020812,02,08,12,Áncash,Huari,Rapayan
020813,02,08,13,Áncash,Huari,San Marcos
020814,02,08,14,Áncash,Huari,San Pedro de Chana
020815,02,08,15,Áncash,Huari,Uco
020816,02,08,16,Áncash,Huari,Anra
020201,02,02,01,Áncash,Aija,Aija
020203,02,02,03,Áncash,Aija,Coris
020205,02,02,05,Áncash,Aija,Huacllán
020206,02,02,06,Áncash,Aija,La Merced
020208,02,02,08,Áncash,Aija,Succha
021001,02,10,01,Áncash,Pallasca,Cabana
021002,02,10,02,Áncash,Pallasca,Bolognesi
021003,02,10,03,Áncash,Pallasca,Conchucos
021004,02,10,04,Áncash,Pallasca,Huacaschuque
021005,02,10,05,Áncash,Pallasca,Huandoval
021006,02,10,06,Áncash,Pallasca,Lacabamba
021007,02,10,07,Áncash,Pallasca,Llapo
021008,02,10,08,Áncash,Pallasca,Pallasca
021009,02,10,09,Áncash,Pallasca,Pampas
021010,02,10,10,Áncash,Pallasca,Santa Rosa
021011,02,10,11,Áncash,Pallasca,Tauca
021301,02,13,01,Áncash,Santa,Chimbote
021302,02,13,02,Áncash,Santa,Cáceres del Perú
021303,02,13,03,Áncash,Santa,Macate
021304,02,13,04,Áncash,Santa,Moro
021305,02,13,05,Áncash,Santa,Nepeña
021306,02,13,06,Áncash,Santa,Samanco
021307,02,13,07,Áncash,Santa,Santa
021308,02,13,08,Áncash,Santa,Coishco
021309,02,13,09,Áncash,Santa,Nuevo Chimbote
021901,02,19,01,Áncash,Huarmey,Huarmey
021902,02,19,02,Áncash,Huarmey,Cochapeti
021903,02,19,03,Áncash,Huarmey,Huayán
021904,02,19,04,Áncash,Huarmey,Malvas
021905,02,19,05,Áncash,Huarmey,Culebras
021401,02,14,01,Áncash,Sihuas,Sihuas
021402,02,14,02,Áncash,Sihuas,Alfonso Ugarte
021403,02,14,03,Áncash,Sihuas,Chingalpo
021404,02,14,04,Áncash,Sihuas,Huayllabamba
021405,02,14,05,Áncash,Sihuas,Quiches
021406,02,14,06,Áncash,Sihuas,Sicsibamba
021407,02,14,07,Áncash,Sihuas,Acobamba
021408,02,14,08,Áncash,Sihuas,Cashapampa
021409,02,14,09,Áncash,Sihuas,Ragash
021410,02,14,10,Áncash,Sihuas,San Juan
022001,02,20,01,Áncash,Ocros,Acas
022002,02,20,02,Áncash,Ocros,Cajamarquilla
022003,02,20,03,Áncash,Ocros,Carhuapampa
022004,02,20,04,Áncash,Ocros,Cochas
022005,02,20,05,Áncash,Ocros,Congas
022006,02,20,06,Áncash,Ocros,Llipa
022007,02,20,07,Áncash,Ocros,Ocros
022008,02,20,08,Áncash,Ocros,San Cristóbal de Raján
022009,02,20,09,Áncash,Ocros,San Pedro
022010,02,20,10,Áncash,Ocros,Santiago de Chilcas
021601,02,16,01,Áncash,Antonio Raymondi,Llamellín
021602,02,16,02,Áncash,Antonio Raymondi,Aczo
021603,02,16,03,Áncash,Antonio Raymondi,Chaccho
021604,02,16,04,Áncash,Antonio Raymondi,Chingas
021605,02,16,05,Áncash,Antonio Raymondi,Mirgas
021606,02,16,06,Áncash,Antonio Raymondi,San Juan de Rontoy
020901,02,09,01,Áncash,Mariscal Luzuriaga,Piscobamba
020902,02,09,02,Áncash,Mariscal Luzuriaga,Casca
020903,02,09,03,Áncash,Mariscal Luzuriaga,Lucma
020904,02,09,04,Áncash,Mariscal Luzuriaga,Fidel Olivas Escudero
020905,02,09,05,Áncash,Mariscal Luzuriaga,Llama
020906,02,09,06,Áncash,Mariscal Luzuriaga,Llumpa
020907,02,09,07,Áncash,Mariscal Luzuriaga,Musga
020908,02,09,08,Áncash,Mariscal Luzuriaga,Eleazar Guzmán Barrón
020401,02,04,01,Áncash,Carhuaz,Carhuaz
020402,02,04,02,Áncash,Carhuaz,Acopampa
020403,02,04,03,Áncash,Carhuaz,Amashca
020404,02,04,04,Áncash,Carhuaz,Anta
020405,02,04,05,Áncash,Carhuaz,Ataquero
020406,02,04,06,Áncash,Carhuaz,Marcará
020407,02,04,07,Áncash,Carhuaz,Pariahuanca
020408,02,04,08,Áncash,Carhuaz,San Miguel de Aco
020409,02,04,09,Áncash,Carhuaz,Shilla
020410,02,04,10,Áncash,Carhuaz,Tinco
020411,02,04,11,Áncash,Carhuaz,Yungar
021701,02,17,01,Áncash,Carlos Fermín Fitzcarrald,San Luis
021702,02,17,02,Áncash,Carlos Fermín Fitzcarrald,Yauya
021703,02,17,03,Áncash,Carlos Fermín Fitzcarrald,San Nicolás
020601,02,06,01,Áncash,Corongo,Corongo
020602,02,06,02,Áncash,Corongo,Aco
020603,02,06,03,Áncash,Corongo,Bambas
020604,02,06,04,Áncash,Corongo,Cusca
020605,02,06,05,Áncash,Corongo,La Pampa
020606,02,06,06,Áncash,Corongo,Yánac
020607,02,06,07,Áncash,Corongo,Yupán
030301,03,03,01,Apurímac,Andahuaylas,Andahuaylas
030302,03,03,02,Apurímac,Andahuaylas,Andarapa
030303,03,03,03,Apurímac,Andahuaylas,Chiara
030304,03,03,04,Apurímac,Andahuaylas,Huancarama
030305,03,03,05,Apurímac,Andahuaylas,Huancaray
030306,03,03,06,Apurímac,Andahuaylas,Kishuara
030307,03,03,07,Apurímac,Andahuaylas,Pacobamba
030308,03,03,08,Apurímac,Andahuaylas,Pampachiri
030309,03,03,09,Apurímac,Andahuaylas,San Antonio de Cachi
030310,03,03,10,Apurímac,Andahuaylas,San Jerónimo
030311,03,03,11,Apurímac,Andahuaylas,Talavera
030312,03,03,12,Apurímac,Andahuaylas,Turpo
030313,03,03,13,Apurímac,Andahuaylas,Pacucha
030314,03,03,14,Apurímac,Andahuaylas,Pomacocha
030315,03,03,15,Apurímac,Andahuaylas,Santa María de Chicmo
030316,03,03,16,Apurímac,Andahuaylas,Tumay Huaraca
030317,03,03,17,Apurímac,Andahuaylas,Huayana
030318,03,03,18,Apurímac,Andahuaylas,San Miguel de Chaccrampa
030319,03,03,19,Apurímac,Andahuaylas,Kaquiabamba
030101,03,01,01,Apurímac,Abancay,Abancay
030102,03,01,02,Apurímac,Abancay,Circa
030103,03,01,03,Apurímac,Abancay,Curahuasi
030104,03,01,04,Apurímac,Abancay,Chacoche
030105,03,01,05,Apurímac,Abancay,Huanipaca
030106,03,01,06,Apurímac,Abancay,Lambrama
030107,03,01,07,Apurímac,Abancay,Pichirhua
030108,03,01,08,Apurímac,Abancay,San Pedro de Cachora
030109,03,01,09,Apurímac,Abancay,Tamburco
030401,03,04,01,Apurímac,Antabamba,Antabamba
030402,03,04,02,Apurímac,Antabamba,El Oro
030403,03,04,03,Apurímac,Antabamba,Huaquirca
030404,03,04,04,Apurímac,Antabamba,Juan Espinoza Medrano
030405,03,04,05,Apurímac,Antabamba,Oropesa
030406,03,04,06,Apurímac,Antabamba,Pachaconas
030407,03,04,07,Apurímac,Antabamba,Sabaino
030201,03,02,01,Apurímac,Aymaraes,Chalhuanca
030202,03,02,02,Apurímac,Aymaraes,Capaya
030203,03,02,03,Apurímac,Aymaraes,Caraybamba
030204,03,02,04,Apurímac,Aymaraes,Colcabamba
030205,03,02,05,Apurímac,Aymaraes,Cotaruse
030206,03,02,06,Apurímac,Aymaraes,Chapimarca
030207,03,02,07,Apurímac,Aymaraes,Ihuayllo
030208,03,02,08,Apurímac,Aymaraes,Lucre
030209,03,02,09,Apurímac,Aymaraes,Pocohuanca
030210,03,02,10,Apurímac,Aymaraes,Sañayca
030211,03,02,11,Apurímac,Aymaraes,Soraya
030212,03,02,12,Apurímac,Aymaraes,Tapairihua
030213,03,02,13,Apurímac,Aymaraes,Tintay
030214,03,02,14,Apurímac,Aymaraes,Toraya
030215,03,02,15,Apurímac,Aymaraes,Yanaca
030216,03,02,16,Apurímac,Aymaraes,San Juan de Chacña
030217,03,02,17,Apurímac,Aymaraes,Justo Apu Sahuaraura
030701,03,07,01,Apurímac,Chincheros,Chincheros
030702,03,07,02,Apurímac,Chincheros,Ongoy
030703,03,07,03,Apurímac,Chincheros,Ocobamba
030704,03,07,04,Apurímac,Chincheros,Cocharcas
030705,03,07,05,Apurímac,Chincheros,Anco-Huallo
030706,03,07,06,Apurímac,Chincheros,Huaccana
030707,03,07,07,Apurímac,Chincheros,Uranmarca
030708,03,07,08,Apurímac,Chincheros,Ranracancha
030501,03,05,01,Apurímac,Cotabambas,Tambobamba
030502,03,05,02,Apurímac,Cotabambas,Coyllurqui
030503,03,05,03,Apurímac,Cotabambas,Cotabambas
030504,03,05,04,Apurímac,Cotabambas,Haquira
030505,03,05,05,Apurímac,Cotabambas,Mara
030506,03,05,06,Apurímac,Cotabambas,Challhuahuacho
030601,03,06,01,Apurímac,Grau,Chuquibambilla
030602,03,06,02,Apurímac,Grau,Curpahuasi
030603,03,06,03,Apurímac,Grau,Huayllati
030604,03,06,04,Apurímac,Grau,Mamara
030605,03,06,05,Apurímac,Grau,Mariscal Gamarra
030606,03,06,06,Apurímac,Grau,Micaela Bastidas
030607,03,06,07,Apurímac,Grau,Progreso
030608,03,06,08,Apurímac,Grau,Pataypampa
030609,03,06,09,Apurímac,Grau,San Antonio
030610,03,06,10,Apurímac,Grau,Turpay
030611,03,06,11,Apurímac,Grau,Vilcabamba
030612,03,06,12,Apurímac,Grau,Virundo
030613,03,06,13,Apurímac,Grau,Santa Rosa
030614,03,06,14,Apurímac,Grau,Curasco
040101,04,01,01,Arequipa,Arequipa,Arequipa
040102,04,01,02,Arequipa,Arequipa,Cayma
040103,04,01,03,Arequipa,Arequipa,Cerro Colorado
040104,04,01,04,Arequipa,Arequipa,Characato
040105,04,01,05,Arequipa,Arequipa,Chiguata
040106,04,01,06,Arequipa,Arequipa,La Joya
040107,04,01,07,Arequipa,Arequipa,Miraflores
040108,04,01,08,Arequipa,Arequipa,Mollebaya
040109,04,01,09,Arequipa,Arequipa,Paucarpata
040110,04,01,10,Arequipa,Arequipa,Pocsi
040111,04,01,11,Arequipa,Arequipa,Polobaya
040112,04,01,12,Arequipa,Arequipa,Quequeña
040113,04,01,13,Arequipa,Arequipa,Sabandia
040114,04,01,14,Arequipa,Arequipa,Sachaca
040115,04,01,15,Arequipa,Arequipa,San Juan de Siguas
040116,04,01,16,Arequipa,Arequipa,San Juan de Tarucani
040117,04,01,17,Arequipa,Arequipa,Santa Isabel de Siguas
040118,04,01,18,Arequipa,Arequipa,Santa Rita de Siguas
040119,04,01,19,Arequipa,Arequipa,Socabaya
040120,04,01,20,Arequipa,Arequipa,Tiabaya
040121,04,01,21,Arequipa,Arequipa,Uchumayo
040122,04,01,22,Arequipa,Arequipa,Vitor
040123,04,01,23,Arequipa,Arequipa,Yanahuara
040124,04,01,24,Arequipa,Arequipa,Yarabamba
040125,04,01,25,Arequipa,Arequipa,Yura
040126,04,01,26,Arequipa,Arequipa,Mariano Melgar
040127,04,01,27,Arequipa,Arequipa,Jacobo Hunter
040128,04,01,28,Arequipa,Arequipa,Alto Selva Alegre
040129,04,01,29,Arequipa,Arequipa,José Luis Bustamante y Rivero
040501,04,05,01,Arequipa,Castilla,Aplao
040502,04,05,02,Arequipa,Castilla,Andagua
040503,04,05,03,Arequipa,Castilla,Ayo
040504,04,05,04,Arequipa,Castilla,Chachas
040505,04,05,05,Arequipa,Castilla,Chilcaymarca
040506,04,05,06,Arequipa,Castilla,Choco
040507,04,05,07,Arequipa,Castilla,Huancarqui
040508,04,05,08,Arequipa,Castilla,Machaguay
040509,04,05,09,Arequipa,Castilla,Orcopampa
040510,04,05,10,Arequipa,Castilla,Pampacolca
040511,04,05,11,Arequipa,Castilla,Tipán
040512,04,05,12,Arequipa,Castilla,Uraca
040513,04,05,13,Arequipa,Castilla,Uñón
040514,04,05,14,Arequipa,Castilla,Viraco
040801,04,08,01,Arequipa,La Unión,Cotahuasi
040802,04,08,02,Arequipa,La Unión,Alca
040803,04,08,03,Arequipa,La Unión,Charcana
040804,04,08,04,Arequipa,La Unión,Huaynacotas
040805,04,08,05,Arequipa,La Unión,Pampamarca
040806,04,08,06,Arequipa,La Unión,Puyca
040807,04,08,07,Arequipa,La Unión,Quechualla
040808,04,08,08,Arequipa,La Unión,Sayla
040809,04,08,09,Arequipa,La Unión,Tauria
040810,04,08,10,Arequipa,La Unión,Tomepampa
040811,04,08,11,Arequipa,La Unión,Toro
040401,04,04,01,Arequipa,Caravelí,Caravelí
040402,04,04,02,Arequipa,Caravelí,Acarí
040403,04,04,03,Arequipa,Caravelí,Atico
040404,04,04,04,Arequipa,Caravelí,Atiquipa
040405,04,04,05,Arequipa,Caravelí,Bella Unión
040406,04,04,06,Arequipa,Caravelí,Cahuacho
040407,04,04,07,Arequipa,Caravelí,Chala
040408,04,04,08,Arequipa,Caravelí,Chaparra
040409,04,04,09,Arequipa,Caravelí,Huanuhuanu
040410,04,04,10,Arequipa,Caravelí,Jaqui
040411,04,04,11,Arequipa,Caravelí,Lomas
040412,04,04,12,Arequipa,Caravelí,Quicacha
040413,04,04,13,Arequipa,Caravelí,Yauca
040601,04,06,01,Arequipa,Condesuyos,Chuquibamba
040602,04,06,02,Arequipa,Condesuyos,Andaray
040603,04,06,03,Arequipa,Condesuyos,Cayarani
040604,04,06,04,Arequipa,Condesuyos,Chichas
040605,04,06,05,Arequipa,Condesuyos,Iray
040606,04,06,06,Arequipa,Condesuyos,Salamanca
040607,04,06,07,Arequipa,Condesuyos,Yanaquihua
040608,04,06,08,Arequipa,Condesuyos,Río Grande
040301,04,03,01,Arequipa,Camaná,Camaná
040302,04,03,02,Arequipa,Camaná,José María Quimper
040303,04,03,03,Arequipa,Camaná,Mariano Nicolás Valcárcel
040304,04,03,04,Arequipa,Camaná,Mariscal Cáceres
040305,04,03,05,Arequipa,Camaná,Nicolás de Piérola
040306,04,03,06,Arequipa,Camaná,Ocoña
040307,04,03,07,Arequipa,Camaná,Quilca
040308,04,03,08,Arequipa,Camaná,Samuel Pastor
040201,04,02,01,Arequipa,Caylloma,Chivay
040202,04,02,02,Arequipa,Caylloma,Achoma
040203,04,02,03,Arequipa,Caylloma,Cabanaconde
040204,04,02,04,Arequipa,Caylloma,Caylloma
040205,04,02,05,Arequipa,Caylloma,Callalli
040206,04,02,06,Arequipa,Caylloma,Coporaque
040207,04,02,07,Arequipa,Caylloma,Huambo
040208,04,02,08,Arequipa,Caylloma,Huanca
040209,04,02,09,Arequipa,Caylloma,Ichupampa
040210,04,02,10,Arequipa,Caylloma,Lari
040211,04,02,11,Arequipa,Caylloma,Lluta
040212,04,02,12,Arequipa,Caylloma,Maca
040213,04,02,13,Arequipa,Caylloma,Madrigal
040214,04,02,14,Arequipa,Caylloma,San Antonio de Chuca
040215,04,02,15,Arequipa,Caylloma,Sibayo
040216,04,02,16,Arequipa,Caylloma,Tapay
040217,04,02,17,Arequipa,Caylloma,Tisco
040218,04,02,18,Arequipa,Caylloma,Tuti
040219,04,02,19,Arequipa,Caylloma,Yanque
040220,04,02,20,Arequipa,Caylloma,Majes
040701,04,07,01,Arequipa,Islay,Mollendo
040702,04,07,02,Arequipa,Islay,Cocachacra
040703,04,07,03,Arequipa,Islay,Dean Valdivia
040704,04,07,04,Arequipa,Islay,Islay
040705,04,07,05,Arequipa,Islay,Mejía
040706,04,07,06,Arequipa,Islay,Punta de Bombón
050101,05,01,01,Ayacucho,Huamanga,Ayacucho
050102,05,01,02,Ayacucho,Huamanga,Acos Vinchos
050103,05,01,03,Ayacucho,Huamanga,Carmen Alto
050104,05,01,04,Ayacucho,Huamanga,Chiara
050105,05,01,05,Ayacucho,Huamanga,Quinua
050106,05,01,06,Ayacucho,Huamanga,San José de Ticllas
050107,05,01,07,Ayacucho,Huamanga,San Juan Bautista
050108,05,01,08,Ayacucho,Huamanga,Santiago de Pischa
050109,05,01,09,Ayacucho,Huamanga,Vinchos
050110,05,01,10,Ayacucho,Huamanga,Tambillo
050111,05,01,11,Ayacucho,Huamanga,Acocro
050112,05,01,12,Ayacucho,Huamanga,Socos
050113,05,01,13,Ayacucho,Huamanga,Ocros
050114,05,01,14,Ayacucho,Huamanga,Pacaycasa
050115,05,01,15,Ayacucho,Huamanga,Jesús Nazareno
050701,05,07,01,Ayacucho,Víctor Fajardo,Huancapi
050702,05,07,02,Ayacucho,Víctor Fajardo,Alcamenca
050703,05,07,03,Ayacucho,Víctor Fajardo,Apongo
050704,05,07,04,Ayacucho,Víctor Fajardo,Canaria
050706,05,07,06,Ayacucho,Víctor Fajardo,Cayara
050707,05,07,07,Ayacucho,Víctor Fajardo,Colca
050708,05,07,08,Ayacucho,Víctor Fajardo,Hualla
050709,05,07,09,Ayacucho,Víctor Fajardo,Huamanquiquia
050710,05,07,10,Ayacucho,Víctor Fajardo,Huancaraylla
050713,05,07,13,Ayacucho,Víctor Fajardo,Sarhua
050714,05,07,14,Ayacucho,Víctor Fajardo,Vilcanchos
050715,05,07,15,Ayacucho,Víctor Fajardo,Asquipata
050601,05,06,01,Ayacucho,Parinacochas,Coracora
050604,05,06,04,Ayacucho,Parinacochas,Coronel Castañeda
050605,05,06,05,Ayacucho,Parinacochas,Chumpi
050608,05,06,08,Ayacucho,Parinacochas,Pacapausa
050611,05,06,11,Ayacucho,Parinacochas,Pullo
050612,05,06,12,Ayacucho,Parinacochas,Puyusca
050615,05,06,15,Ayacucho,Parinacochas,San Francisco de Rivacayco
050616,05,06,16,Ayacucho,Parinacochas,Upahuacho
050801,05,08,01,Ayacucho,Huanca Sancos,Sancos
050802,05,08,02,Ayacucho,Huanca Sancos,Sacsamarca
050803,05,08,03,Ayacucho,Huanca Sancos,Santiago de Lucanamarca
050804,05,08,04,Ayacucho,Huanca Sancos,Carapo
050201,05,02,01,Ayacucho,Cangallo,Cangallo
050204,05,02,04,Ayacucho,Cangallo,Chuschi
050206,05,02,06,Ayacucho,Cangallo,Los Morochucos
050207,05,02,07,Ayacucho,Cangallo,Paras
050208,05,02,08,Ayacucho,Cangallo,Totos
050211,05,02,11,Ayacucho,Cangallo,María Parado de Bellido
050301,05,03,01,Ayacucho,Huanta,Huanta
050302,05,03,02,Ayacucho,Huanta,Ayahuanco
050303,05,03,03,Ayacucho,Huanta,Huamanguilla
050304,05,03,04,Ayacucho,Huanta,Iguain
050305,05,03,05,Ayacucho,Huanta,Luricocha
050307,05,03,07,Ayacucho,Huanta,Santillana
050308,05,03,08,Ayacucho,Huanta,Sivia
050309,05,03,09,Ayacucho,Huanta,Llochegua
050501,05,05,01,Ayacucho,Lucanas,Puquio
050502,05,05,02,Ayacucho,Lucanas,Aucara
050503,05,05,03,Ayacucho,Lucanas,Cabana
050504,05,05,04,Ayacucho,Lucanas,Carmen Salcedo
050506,05,05,06,Ayacucho,Lucanas,Chaviña
050508,05,05,08,Ayacucho,Lucanas,Chipao
050510,05,05,10,Ayacucho,Lucanas,Huac-Huas
050511,05,05,11,Ayacucho,Lucanas,Laramate
050512,05,05,12,Ayacucho,Lucanas,Leoncio Prado
050513,05,05,13,Ayacucho,Lucanas,Lucanas
050514,05,05,14,Ayacucho,Lucanas,Llauta
050516,05,05,16,Ayacucho,Lucanas,Ocaña
050517,05,05,17,Ayacucho,Lucanas,Otoca
050520,05,05,20,Ayacucho,Lucanas,Sancos
050521,05,05,21,Ayacucho,Lucanas,San Juan
050522,05,05,22,Ayacucho,Lucanas,San Pedro
050524,05,05,24,Ayacucho,Lucanas,Santa Ana de Huaycahuacho
050525,05,05,25,Ayacucho,Lucanas,Santa Lucia
050529,05,05,29,Ayacucho,Lucanas,Saisa
050531,05,05,31,Ayacucho,Lucanas,San Pedro de Palco
050532,05,05,32,Ayacucho,Lucanas,San Cristóbal
051101,05,11,01,Ayacucho,Sucre,Querobamba
051102,05,11,02,Ayacucho,Sucre,Belén
051103,05,11,03,Ayacucho,Sucre,Chalcos
051104,05,11,04,Ayacucho,Sucre,San Salvador de Quije
051105,05,11,05,Ayacucho,Sucre,Paico
051106,05,11,06,Ayacucho,Sucre,Santiago de Paucaray
051107,05,11,07,Ayacucho,Sucre,San Pedro de Larcay
051108,05,11,08,Ayacucho,Sucre,Soras
051109,05,11,09,Ayacucho,Sucre,Huacaña
051110,05,11,10,Ayacucho,Sucre,Chilcayoc
051111,05,11,11,Ayacucho,Sucre,Morcolla
050401,05,04,01,Ayacucho,La Mar,San Miguel
050402,05,04,02,Ayacucho,La Mar,Anco
050403,05,04,03,Ayacucho,La Mar,Ayna
050404,05,04,04,Ayacucho,La Mar,Chilcas
050405,05,04,05,Ayacucho,La Mar,Chungui
050406,05,04,06,Ayacucho,La Mar,Tambo
050407,05,04,07,Ayacucho,La Mar,Luis Carranza
050408,05,04,08,Ayacucho,La Mar,Santa Rosa
050409,05,04,09,Ayacucho,La Mar,Samugari
051001,05,10,01,Ayacucho,Páucar del Sara Sara,Pausa
051002,05,10,02,Ayacucho,Páucar del Sara Sara,Colta
051003,05,10,03,Ayacucho,Páucar del Sara Sara,Corculla
051004,05,10,04,Ayacucho,Páucar del Sara Sara,Lampa
051005,05,10,05,Ayacucho,Páucar del Sara Sara,Marcabamba
051006,05,10,06,Ayacucho,Páucar del Sara Sara,Oyolo
051007,05,10,07,Ayacucho,Páucar del Sara Sara,Pararca
051008,05,10,08,Ayacucho,Páucar del Sara Sara,San Javier de Alpabamba
051009,05,10,09,Ayacucho,Páucar del Sara Sara,San José de Ushua
051010,05,10,10,Ayacucho,Páucar del Sara Sara,Sara Sara
050901,05,09,01,Ayacucho,Vilcas Huamán,Vilcas Huamán
050902,05,09,02,Ayacucho,Vilcas Huamán,Vischongo
050903,05,09,03,Ayacucho,Vilcas Huamán,Accomarca
050904,05,09,04,Ayacucho,Vilcas Huamán,Carhuanca
050905,05,09,05,Ayacucho,Vilcas Huamán,Concepción
050906,05,09,06,Ayacucho,Vilcas Huamán,Huambalpa
050907,05,09,07,Ayacucho,Vilcas Huamán,Saurama
050908,05,09,08,Ayacucho,Vilcas Huamán,Independencia
060401,06,04,01,Cajamarca,Contumazá,Contumazá
060403,06,04,03,Cajamarca,Contumazá,Chilete
060404,06,04,04,Cajamarca,Contumazá,Guzmango
060405,06,04,05,Cajamarca,Contumazá,San Benito
060406,06,04,06,Cajamarca,Contumazá,Cupisnique
060407,06,04,07,Cajamarca,Contumazá,Tantarica
060408,06,04,08,Cajamarca,Contumazá,Yonán
060409,06,04,09,Cajamarca,Contumazá,Santa Cruz de Toled
061301,06,13,01,Cajamarca,San Pablo,San Pablo
061302,06,13,02,Cajamarca,San Pablo,San Bernardino
061303,06,13,03,Cajamarca,San Pablo,San Luis
061304,06,13,04,Cajamarca,San Pablo,Tumbadén
060501,06,05,01,Cajamarca,Cutervo,Cutervo
060502,06,05,02,Cajamarca,Cutervo,Callayuc
060503,06,05,03,Cajamarca,Cutervo,Cujillo
060504,06,05,04,Cajamarca,Cutervo,Choros
060505,06,05,05,Cajamarca,Cutervo,La Ramada
060506,06,05,06,Cajamarca,Cutervo,Pimpingos
060507,06,05,07,Cajamarca,Cutervo,Querocotillo
060508,06,05,08,Cajamarca,Cutervo,San Andrés de Cutervo
060509,06,05,09,Cajamarca,Cutervo,San Juan de Cutervo
060510,06,05,10,Cajamarca,Cutervo,San Luis de Lucma
060511,06,05,11,Cajamarca,Cutervo,Santa Cruz
060512,06,05,12,Cajamarca,Cutervo,Santo Domingo de La Capilla
060513,06,05,13,Cajamarca,Cutervo,Santo Tomás
060514,06,05,14,Cajamarca,Cutervo,Socota
060515,06,05,15,Cajamarca,Cutervo,Toribio Casanova
060101,06,01,01,Cajamarca,Cajamarca,Cajamarca
060102,06,01,02,Cajamarca,Cajamarca,Asunción
060103,06,01,03,Cajamarca,Cajamarca,Cospán
060104,06,01,04,Cajamarca,Cajamarca,Chetilla
060105,06,01,05,Cajamarca,Cajamarca,Encañada
060106,06,01,06,Cajamarca,Cajamarca,Jesús
060107,06,01,07,Cajamarca,Cajamarca,Los Baños del Inca
060108,06,01,08,Cajamarca,Cajamarca,Llacanora
060109,06,01,09,Cajamarca,Cajamarca,Magdalena
060110,06,01,10,Cajamarca,Cajamarca,Matara
060111,06,01,11,Cajamarca,Cajamarca,Namora
060112,06,01,12,Cajamarca,Cajamarca,San Juan
060601,06,06,01,Cajamarca,Chota,Chota
060602,06,06,02,Cajamarca,Chota,Anguia
060603,06,06,03,Cajamarca,Chota,Cochabamba
060604,06,06,04,Cajamarca,Chota,Conchán
060605,06,06,05,Cajamarca,Chota,Chadin
060606,06,06,06,Cajamarca,Chota,Chiguirip
060607,06,06,07,Cajamarca,Chota,Chimbán
060608,06,06,08,Cajamarca,Chota,Huambos
060609,06,06,09,Cajamarca,Chota,Lajas
060610,06,06,10,Cajamarca,Chota,Llama
060611,06,06,11,Cajamarca,Chota,Miracosta
060612,06,06,12,Cajamarca,Chota,Paccha
060613,06,06,13,Cajamarca,Chota,Pion
060614,06,06,14,Cajamarca,Chota,Querocoto
060615,06,06,15,Cajamarca,Chota,Tacabamba
060616,06,06,16,Cajamarca,Chota,Tocmoche
060617,06,06,17,Cajamarca,Chota,San Juan de Licupis
060618,06,06,18,Cajamarca,Chota,Choropampa
060619,06,06,19,Cajamarca,Chota,Chalamarca
060701,06,07,01,Cajamarca,Hualgayoc,Bambamarca
060702,06,07,02,Cajamarca,Hualgayoc,Chugur
060703,06,07,03,Cajamarca,Hualgayoc,Hualgayoc
061201,06,12,01,Cajamarca,San Marcos,Pedro Gálvez
061202,06,12,02,Cajamarca,San Marcos,Ichocán
061203,06,12,03,Cajamarca,San Marcos,Gregorio Pita
061204,06,12,04,Cajamarca,San Marcos,José Manuel Quiroz
061205,06,12,05,Cajamarca,San Marcos,Eduardo Villanueva
061206,06,12,06,Cajamarca,San Marcos,José Sabogal
061207,06,12,07,Cajamarca,San Marcos,Chancay
060301,06,03,01,Cajamarca,Celendín,Celendín
060302,06,03,02,Cajamarca,Celendín,Cortegana
060303,06,03,03,Cajamarca,Celendín,Chumuch
060304,06,03,04,Cajamarca,Celendín,Huasmín
060305,06,03,05,Cajamarca,Celendín,Jorge Chávez
060306,06,03,06,Cajamarca,Celendín,José Gálvez
060307,06,03,07,Cajamarca,Celendín,Miguel Iglesias
060308,06,03,08,Cajamarca,Celendín,Oxamarca
060309,06,03,09,Cajamarca,Celendín,Sorochuco
060310,06,03,10,Cajamarca,Celendín,Sucre
060311,06,03,11,Cajamarca,Celendín,Utco
060312,06,03,12,Cajamarca,Celendín,La Libertad de Pallán
061101,06,11,01,Cajamarca,San Ignacio,San Ignacio
061102,06,11,02,Cajamarca,San Ignacio,Chirinos
061103,06,11,03,Cajamarca,San Ignacio,Huarango
061104,06,11,04,Cajamarca,San Ignacio,Namballe
061105,06,11,05,Cajamarca,San Ignacio,La Coipa
061106,06,11,06,Cajamarca,San Ignacio,San José de Lourdes
061107,06,11,07,Cajamarca,San Ignacio,Tabaconas
060801,06,08,01,Cajamarca,Jaén,Jaén
060802,06,08,02,Cajamarca,Jaén,Bellavista
060803,06,08,03,Cajamarca,Jaén,Colasay
060804,06,08,04,Cajamarca,Jaén,Chontali
060805,06,08,05,Cajamarca,Jaén,Pomahuaca
060806,06,08,06,Cajamarca,Jaén,Pucará
060807,06,08,07,Cajamarca,Jaén,Sallique
060808,06,08,08,Cajamarca,Jaén,San Felipe
060809,06,08,09,Cajamarca,Jaén,San José del Alto
060810,06,08,10,Cajamarca,Jaén,Santa Rosa
060811,06,08,11,Cajamarca,Jaén,Las Pirias
060812,06,08,12,Cajamarca,Jaén,Huabal
061001,06,10,01,Cajamarca,San Miguel,San Miguel
061002,06,10,02,Cajamarca,San Miguel,Calquis
061003,06,10,03,Cajamarca,San Miguel,La Florida
061004,06,10,04,Cajamarca,San Miguel,Llapa
061005,06,10,05,Cajamarca,San Miguel,Nanchoc
061006,06,10,06,Cajamarca,San Miguel,Niepos
061007,06,10,07,Cajamarca,San Miguel,San Gregorio
061008,06,10,08,Cajamarca,San Miguel,San Silvestre de Cochán
061009,06,10,09,Cajamarca,San Miguel,El Prado
061010,06,10,10,Cajamarca,San Miguel,Unión Agua Blanca
061011,06,10,11,Cajamarca,San Miguel,Tongod
061012,06,10,12,Cajamarca,San Miguel,Catilluc
061013,06,10,13,Cajamarca,San Miguel,Bolívar
060901,06,09,01,Cajamarca,Santa Cruz,Santa Cruz
060902,06,09,02,Cajamarca,Santa Cruz,Catache
060903,06,09,03,Cajamarca,Santa Cruz,Chancaybaños
060904,06,09,04,Cajamarca,Santa Cruz,La Esperanza
060905,06,09,05,Cajamarca,Santa Cruz,Ninabamba
060906,06,09,06,Cajamarca,Santa Cruz,Pulán
060907,06,09,07,Cajamarca,Santa Cruz,Sexi
060908,06,09,08,Cajamarca,Santa Cruz,Uticyacu
060909,06,09,09,Cajamarca,Santa Cruz,Yauyucán
060910,06,09,10,Cajamarca,Santa Cruz,Andabamba
060911,06,09,11,Cajamarca,Santa Cruz,Saucepampa
060201,06,02,01,Cajamarca,Cajabamba,Cajabamba
060202,06,02,02,Cajamarca,Cajabamba,Cachachi
060203,06,02,03,Cajamarca,Cajabamba,Condebamba
060205,06,02,05,Cajamarca,Cajabamba,Sitacocha
070401,07,04,01,Cusco,Calca,Calca
070402,07,04,02,Cusco,Calca,Coya
070403,07,04,03,Cusco,Calca,Lamay
070404,07,04,04,Cusco,Calca,Lares
070405,07,04,05,Cusco,Calca,Pisac
070406,07,04,06,Cusco,Calca,San Salvador
070407,07,04,07,Cusco,Calca,Taray
070408,07,04,08,Cusco,Calca,Yanatile
071101,07,11,01,Cusco,Paucartambo,Paucartambo
071102,07,11,02,Cusco,Paucartambo,Caicay
071103,07,11,03,Cusco,Paucartambo,Colquepata
071104,07,11,04,Cusco,Paucartambo,Challabamba
071105,07,11,05,Cusco,Paucartambo,Kosñipata
071106,07,11,06,Cusco,Paucartambo,Huancarani
070701,07,07,01,Cusco,Chumbivilcas,Santo Tomás
070702,07,07,02,Cusco,Chumbivilcas,Capacmarca
070703,07,07,03,Cusco,Chumbivilcas,Colquemarca
070704,07,07,04,Cusco,Chumbivilcas,Chamaca
070705,07,07,05,Cusco,Chumbivilcas,Livitaca
070706,07,07,06,Cusco,Chumbivilcas,Llusco
070707,07,07,07,Cusco,Chumbivilcas,Quiñota
070708,07,07,08,Cusco,Chumbivilcas,Velille
070201,07,02,01,Cusco,Acomayo,Acomayo
070202,07,02,02,Cusco,Acomayo,Acopia
070203,07,02,03,Cusco,Acomayo,Acos
070204,07,02,04,Cusco,Acomayo,Pomacanchi
070205,07,02,05,Cusco,Acomayo,Rondocán
070206,07,02,06,Cusco,Acomayo,Sangarara
070207,07,02,07,Cusco,Acomayo,Mosoc Llacta
070301,07,03,01,Cusco,Anta,Anta
070302,07,03,02,Cusco,Anta,Chinchaypujio
070303,07,03,03,Cusco,Anta,Huarocondo
070304,07,03,04,Cusco,Anta,Limatambo
070305,07,03,05,Cusco,Anta,Mollepata
070306,07,03,06,Cusco,Anta,Pucyura
070307,07,03,07,Cusco,Anta,Zurite
070308,07,03,08,Cusco,Anta,Cachimayo
070309,07,03,09,Cusco,Anta,Ancahuasi
070801,07,08,01,Cusco,Espinar,Espinar
070802,07,08,02,Cusco,Espinar,Condoroma
070803,07,08,03,Cusco,Espinar,Coporaque
070804,07,08,04,Cusco,Espinar,Ocoruro
070805,07,08,05,Cusco,Espinar,Pallpata
070806,07,08,06,Cusco,Espinar,Pichigua
070807,07,08,07,Cusco,Espinar,Suyckutambo
070808,07,08,08,Cusco,Espinar,Alto Pichigua
071001,07,10,01,Cusco,Paruro,Paruro
071002,07,10,02,Cusco,Paruro,Accha
071003,07,10,03,Cusco,Paruro,Ccapi
071004,07,10,04,Cusco,Paruro,Colcha
071005,07,10,05,Cusco,Paruro,Huanoquite
071006,07,10,06,Cusco,Paruro,Omacha
071007,07,10,07,Cusco,Paruro,Yaurisque
071008,07,10,08,Cusco,Paruro,Paccaritambo
071009,07,10,09,Cusco,Paruro,Pillpinto
071201,07,12,01,Cusco,Quispicanchi,Urcos
071202,07,12,02,Cusco,Quispicanchi,Andahuaylillas
071203,07,12,03,Cusco,Quispicanchi,Camanti
071204,07,12,04,Cusco,Quispicanchi,Ccarhuayo
071205,07,12,05,Cusco,Quispicanchi,Ccatca
071206,07,12,06,Cusco,Quispicanchi,Cusipata
071207,07,12,07,Cusco,Quispicanchi,Huaro
071208,07,12,08,Cusco,Quispicanchi,Lucre
071209,07,12,09,Cusco,Quispicanchi,Marcapata
071210,07,12,10,Cusco,Quispicanchi,Ocongate
071211,07,12,11,Cusco,Quispicanchi,Oropesa
071212,07,12,12,Cusco,Quispicanchi,Quiquijana
070901,07,09,01,Cusco,La Convención,Santa Ana
070902,07,09,02,Cusco,La Convención,Echarate
070903,07,09,03,Cusco,La Convención,Huayopata
070904,07,09,04,Cusco,La Convención,Maranura
070905,07,09,05,Cusco,La Convención,Ocobamba
070906,07,09,06,Cusco,La Convención,Santa Teresa
070907,07,09,07,Cusco,La Convención,Vilcabamba
070908,07,09,08,Cusco,La Convención,Quellouno
070909,07,09,09,Cusco,La Convención,Kimbiri
070910,07,09,10,Cusco,La Convención,Pichari
071301,07,13,01,Cusco,Urubamba,Urubamba
071302,07,13,02,Cusco,Urubamba,Chinchero
071303,07,13,03,Cusco,Urubamba,Huayllabamba
071304,07,13,04,Cusco,Urubamba,Machupicchu
071305,07,13,05,Cusco,Urubamba,Maras
071306,07,13,06,Cusco,Urubamba,Ollantaytambo
071307,07,13,07,Cusco,Urubamba,Yucay
070101,07,01,01,Cusco,Cusco,Cusco
070102,07,01,02,Cusco,Cusco,Ccorca
070103,07,01,03,Cusco,Cusco,Poroy
070104,07,01,04,Cusco,Cusco,San Jerónimo
070105,07,01,05,Cusco,Cusco,San Sebastián
070106,07,01,06,Cusco,Cusco,Santiago
070107,07,01,07,Cusco,Cusco,Saylla
070108,07,01,08,Cusco,Cusco,Wanchaq
070501,07,05,01,Cusco,Canas,Yanaoca
070502,07,05,02,Cusco,Canas,Checca
070503,07,05,03,Cusco,Canas,Kunturkanki
070504,07,05,04,Cusco,Canas,Langui
070505,07,05,05,Cusco,Canas,Layo
070506,07,05,06,Cusco,Canas,Pampamarca
070507,07,05,07,Cusco,Canas,Quehue
070508,07,05,08,Cusco,Canas,Túpac Amaru
070601,07,06,01,Cusco,Canchis,Sicuani
070602,07,06,02,Cusco,Canchis,Combapata
070603,07,06,03,Cusco,Canchis,Checacupe
070604,07,06,04,Cusco,Canchis,Marangani
070605,07,06,05,Cusco,Canchis,Pitumarca
070606,07,06,06,Cusco,Canchis,San Pablo
070607,07,06,07,Cusco,Canchis,San Pedro
070608,07,06,08,Cusco,Canchis,Tinta
080101,08,01,01,Huancavelica,Huancavelica,Huancavelica
080102,08,01,02,Huancavelica,Huancavelica,Acobambilla
080103,08,01,03,Huancavelica,Huancavelica,Acoria
080104,08,01,04,Huancavelica,Huancavelica,Conayca
080105,08,01,05,Huancavelica,Huancavelica,Cuenca
080106,08,01,06,Huancavelica,Huancavelica,Huachocolpa
080108,08,01,08,Huancavelica,Huancavelica,Huayllahuara
080109,08,01,09,Huancavelica,Huancavelica,Izcuchaca
080110,08,01,10,Huancavelica,Huancavelica,Laria
080111,08,01,11,Huancavelica,Huancavelica,Manta
080112,08,01,12,Huancavelica,Huancavelica,Mariscal Cáceres
080113,08,01,13,Huancavelica,Huancavelica,Moya
080114,08,01,14,Huancavelica,Huancavelica,Nuevo Occoro
080115,08,01,15,Huancavelica,Huancavelica,Palca
080116,08,01,16,Huancavelica,Huancavelica,Pilchaca
080117,08,01,17,Huancavelica,Huancavelica,Vilca
080118,08,01,18,Huancavelica,Huancavelica,Yauli
080119,08,01,19,Huancavelica,Huancavelica,Ascensión
080120,08,01,20,Huancavelica,Huancavelica,Huando
080301,08,03,01,Huancavelica,Angaraes,Lircay
080302,08,03,02,Huancavelica,Angaraes,Anchonga
080303,08,03,03,Huancavelica,Angaraes,Callanmarca
080304,08,03,04,Huancavelica,Angaraes,Congalla
080305,08,03,05,Huancavelica,Angaraes,Chincho
080306,08,03,06,Huancavelica,Angaraes,Huallay Grande
080307,08,03,07,Huancavelica,Angaraes,Huanca-Huanca
080308,08,03,08,Huancavelica,Angaraes,Julcamarca
080309,08,03,09,Huancavelica,Angaraes,San Antonio de Antaparco
080310,08,03,10,Huancavelica,Angaraes,Santo Tomás de Pata
080311,08,03,11,Huancavelica,Angaraes,Secclla
080312,08,03,12,Huancavelica,Angaraes,Ccochaccasa
080401,08,04,01,Huancavelica,Castrovirreyna,Castrovirreyna
080402,08,04,02,Huancavelica,Castrovirreyna,Arma
080403,08,04,03,Huancavelica,Castrovirreyna,Aurahua
080405,08,04,05,Huancavelica,Castrovirreyna,Capillas
080406,08,04,06,Huancavelica,Castrovirreyna,Cocas
080408,08,04,08,Huancavelica,Castrovirreyna,Chupamarca
080409,08,04,09,Huancavelica,Castrovirreyna,Huachos
080410,08,04,10,Huancavelica,Castrovirreyna,Huamatambo
080414,08,04,14,Huancavelica,Castrovirreyna,Mollepampa
080422,08,04,22,Huancavelica,Castrovirreyna,San Juan
080427,08,04,27,Huancavelica,Castrovirreyna,Tantara
080428,08,04,28,Huancavelica,Castrovirreyna,Ticrapo
080429,08,04,29,Huancavelica,Castrovirreyna,Santa Ana
080601,08,06,01,Huancavelica,Huaytará,Ayavi
080602,08,06,02,Huancavelica,Huaytará,Córdova
080603,08,06,03,Huancavelica,Huaytará,Huayacundo Arma
080604,08,06,04,Huancavelica,Huaytará,Huaytará
080605,08,06,05,Huancavelica,Huaytará,Laramarca
080606,08,06,06,Huancavelica,Huaytará,Ocoyo
080607,08,06,07,Huancavelica,Huaytará,Pilpichaca
080608,08,06,08,Huancavelica,Huaytará,Querco
080609,08,06,09,Huancavelica,Huaytará,Quito-Arma
080610,08,06,10,Huancavelica,Huaytará,San Antonio de Cusicancha
080611,08,06,11,Huancavelica,Huaytará,San Francisco de Sangayaico
080612,08,06,12,Huancavelica,Huaytará,San Isidro
080613,08,06,13,Huancavelica,Huaytará,Santiago de Chocorvos
080614,08,06,14,Huancavelica,Huaytará,Santiago de Quirahuara
080615,08,06,15,Huancavelica,Huaytará,Santo Domingo de Capillas
080616,08,06,16,Huancavelica,Huaytará,Tambo
080701,08,07,01,Huancavelica,Churcampa,Churcampa
080702,08,07,02,Huancavelica,Churcampa,Anco
080703,08,07,03,Huancavelica,Churcampa,Chinchihuasi
080704,08,07,04,Huancavelica,Churcampa,El Carmen
080705,08,07,05,Huancavelica,Churcampa,La Merced
080706,08,07,06,Huancavelica,Churcampa,Locroja
080707,08,07,07,Huancavelica,Churcampa,Paucarbamba
080708,08,07,08,Huancavelica,Churcampa,San Miguel de Mayocc
080709,08,07,09,Huancavelica,Churcampa,San Pedro de Coris
080710,08,07,10,Huancavelica,Churcampa,Pachamarca
080711,08,07,11,Huancavelica,Churcampa,Cosme
080501,08,05,01,Huancavelica,Tayacaja,Pampas
080502,08,05,02,Huancavelica,Tayacaja,Acostambo
080503,08,05,03,Huancavelica,Tayacaja,Acraquia
080504,08,05,04,Huancavelica,Tayacaja,Ahuaycha
080506,08,05,06,Huancavelica,Tayacaja,Colcabamba
080509,08,05,09,Huancavelica,Tayacaja,Daniel Hernández
080511,08,05,11,Huancavelica,Tayacaja,Huachocolpa
080512,08,05,12,Huancavelica,Tayacaja,Huaribamba
080515,08,05,15,Huancavelica,Tayacaja,Ñahuimpuquio
080517,08,05,17,Huancavelica,Tayacaja,Pazos
080518,08,05,18,Huancavelica,Tayacaja,Quishuar
080519,08,05,19,Huancavelica,Tayacaja,Salcabamba
080520,08,05,20,Huancavelica,Tayacaja,San Marcos de Rocchac
080523,08,05,23,Huancavelica,Tayacaja,Surcubamba
080525,08,05,25,Huancavelica,Tayacaja,Tintay Puncu
080526,08,05,26,Huancavelica,Tayacaja,Salcahuasi
080201,08,02,01,Huancavelica,Acobamba,Acobamba
080202,08,02,02,Huancavelica,Acobamba,Anta
080203,08,02,03,Huancavelica,Acobamba,Andabamba
080204,08,02,04,Huancavelica,Acobamba,Caja
080205,08,02,05,Huancavelica,Acobamba,Marcas
080206,08,02,06,Huancavelica,Acobamba,Paucara
080207,08,02,07,Huancavelica,Acobamba,Pomacocha
080208,08,02,08,Huancavelica,Acobamba,Rosario
090801,09,08,01,Huánuco,Puerto Inca,Honoria
090802,09,08,02,Huánuco,Puerto Inca,Puerto Inca
090803,09,08,03,Huánuco,Puerto Inca,Codo del Pozuzo
090804,09,08,04,Huánuco,Puerto Inca,Tournavista
090805,09,08,05,Huánuco,Puerto Inca,Yuyapichis
090701,09,07,01,Huánuco,Pachitea,Panao
090702,09,07,02,Huánuco,Pachitea,Chaglla
090704,09,07,04,Huánuco,Pachitea,Molino
090706,09,07,06,Huánuco,Pachitea,Umari
090301,09,03,01,Huánuco,Dos de Mayo,La Unión
090307,09,03,07,Huánuco,Dos de Mayo,Chuquis
090312,09,03,12,Huánuco,Dos de Mayo,Marías
090314,09,03,14,Huánuco,Dos de Mayo,Pachas
090316,09,03,16,Huánuco,Dos de Mayo,Quivilla
090317,09,03,17,Huánuco,Dos de Mayo,Ripan
090321,09,03,21,Huánuco,Dos de Mayo,Shunqui
090322,09,03,22,Huánuco,Dos de Mayo,Sillapata
090323,09,03,23,Huánuco,Dos de Mayo,Yanas
090201,09,02,01,Huánuco,Ambo,Ambo
090202,09,02,02,Huánuco,Ambo,Cayna
090203,09,02,03,Huánuco,Ambo,Colpas
090204,09,02,04,Huánuco,Ambo,Conchamarca
090205,09,02,05,Huánuco,Ambo,Huacar
090206,09,02,06,Huánuco,Ambo,San Francisco
090207,09,02,07,Huánuco,Ambo,San Rafael
090208,09,02,08,Huánuco,Ambo,Tomay Kichwa
090901,09,09,01,Huánuco,Huacaybamba,Huacaybamba
090902,09,09,02,Huánuco,Huacaybamba,Pinra
090903,09,09,03,Huánuco,Huacaybamba,Canchabamba
090904,09,09,04,Huánuco,Huacaybamba,Cochabamba
090401,09,04,01,Huánuco,Huamalíes,Llata
090402,09,04,02,Huánuco,Huamalíes,Arancay
090403,09,04,03,Huánuco,Huamalíes,Chavín de Pariarca
090404,09,04,04,Huánuco,Huamalíes,Jacas Grande
090405,09,04,05,Huánuco,Huamalíes,Jircan
090406,09,04,06,Huánuco,Huamalíes,Miraflores
090407,09,04,07,Huánuco,Huamalíes,Monzón
090408,09,04,08,Huánuco,Huamalíes,Punchao
090409,09,04,09,Huánuco,Huamalíes,Puños
090410,09,04,10,Huánuco,Huamalíes,Singa
090411,09,04,11,Huánuco,Huamalíes,Tantamayo
091001,09,10,01,Huánuco,Lauricocha,Jesús
091002,09,10,02,Huánuco,Lauricocha,Baños
091003,09,10,03,Huánuco,Lauricocha,San Francisco de Asis
091004,09,10,04,Huánuco,Lauricocha,Queropalca
091005,09,10,05,Huánuco,Lauricocha,San Miguel de Cauri
091006,09,10,06,Huánuco,Lauricocha,Rondos
091007,09,10,07,Huánuco,Lauricocha,Jivia
090101,09,01,01,Huánuco,Huánuco,Huánuco
090102,09,01,02,Huánuco,Huánuco,Chinchao
090103,09,01,03,Huánuco,Huánuco,Churubamba
090104,09,01,04,Huánuco,Huánuco,Margos
090105,09,01,05,Huánuco,Huánuco,Quisqui
090106,09,01,06,Huánuco,Huánuco,San Francisco de Cayrán
090107,09,01,07,Huánuco,Huánuco,San Pedro de Chaulan
090108,09,01,08,Huánuco,Huánuco,Santa María del Valle
090109,09,01,09,Huánuco,Huánuco,Yarumayo
090110,09,01,10,Huánuco,Huánuco,Amarilis
090111,09,01,11,Huánuco,Huánuco,Pillco Marca
090112,09,01,12,Huánuco,Huánuco,Yacus
090601,09,06,01,Huánuco,Leoncio Prado,Rupa-Rupa
090602,09,06,02,Huánuco,Leoncio Prado,Daniel Alomia Robles
090603,09,06,03,Huánuco,Leoncio Prado,Hermilio Valdizán
090604,09,06,04,Huánuco,Leoncio Prado,Luyando
090605,09,06,05,Huánuco,Leoncio Prado,Mariano Damaso Beraún
090606,09,06,06,Huánuco,Leoncio Prado,José Crespo y Castillo
090501,09,05,01,Huánuco,Marañón,Huacrachuco
090502,09,05,02,Huánuco,Marañón,Cholón
090505,09,05,05,Huánuco,Marañón,San Buenaventura
091101,09,11,01,Huánuco,Yarowilca,Chavinillo
091102,09,11,02,Huánuco,Yarowilca,Aparicio Pomares
091103,09,11,03,Huánuco,Yarowilca,Cahuac
091104,09,11,04,Huánuco,Yarowilca,Chacabamba
091105,09,11,05,Huánuco,Yarowilca,Jacas Chico
091106,09,11,06,Huánuco,Yarowilca,Obas
091107,09,11,07,Huánuco,Yarowilca,Pampamarca
091108,09,11,08,Huánuco,Yarowilca,Choras
100201,10,02,01,Ica,Chincha,Chincha Alta
100202,10,02,02,Ica,Chincha,Chavín
100203,10,02,03,Ica,Chincha,Chincha Baja
100204,10,02,04,Ica,Chincha,El Carmen
100205,10,02,05,Ica,Chincha,Grocio Prado
100206,10,02,06,Ica,Chincha,San Pedro de Huacarpana
100207,10,02,07,Ica,Chincha,Sunampe
100208,10,02,08,Ica,Chincha,Tambo de Mora
100209,10,02,09,Ica,Chincha,Alto Laran
100210,10,02,10,Ica,Chincha,Pueblo Nuevo
100211,10,02,11,Ica,Chincha,San Juan de Yánac
100301,10,03,01,Ica,Nazca,Nazca
100302,10,03,02,Ica,Nazca,Changuillo
100303,10,03,03,Ica,Nazca,El Ingenio
100304,10,03,04,Ica,Nazca,Marcona
100305,10,03,05,Ica,Nazca,Vista Alegre
100101,10,01,01,Ica,Ica,Ica
100102,10,01,02,Ica,Ica,La Tinguiña
100103,10,01,03,Ica,Ica,Los Aquijes
100104,10,01,04,Ica,Ica,Parcona
100105,10,01,05,Ica,Ica,Pueblo Nuevo
100106,10,01,06,Ica,Ica,Salas
100107,10,01,07,Ica,Ica,San José de Los Molinos
100108,10,01,08,Ica,Ica,San Juan Bautista
100109,10,01,09,Ica,Ica,Santiago
100110,10,01,10,Ica,Ica,Subtanjalla
100111,10,01,11,Ica,Ica,Yauca Del Rosario
100112,10,01,12,Ica,Ica,Tate
100113,10,01,13,Ica,Ica,Pachacútec
100114,10,01,14,Ica,Ica,Ocucaje
100501,10,05,01,Ica,Palpa,Palpa
100502,10,05,02,Ica,Palpa,Llipata
100503,10,05,03,Ica,Palpa,Río Grande
100504,10,05,04,Ica,Palpa,Santa Cruz
100505,10,05,05,Ica,Palpa,Tibillo
100401,10,04,01,Ica,Pisco,Pisco
100402,10,04,02,Ica,Pisco,Huancano
100403,10,04,03,Ica,Pisco,Humay
100404,10,04,04,Ica,Pisco,Independencia
100405,10,04,05,Ica,Pisco,Paracas
100406,10,04,06,Ica,Pisco,San Andrés
100407,10,04,07,Ica,Pisco,San Clemente
100408,10,04,08,Ica,Pisco,Túpac Amaru Inca
110201,11,02,01,Junín,Concepción,Concepción
110202,11,02,02,Junín,Concepción,Aco
110203,11,02,03,Junín,Concepción,Andamarca
110204,11,02,04,Junín,Concepción,Comas
110205,11,02,05,Junín,Concepción,Cochas
110206,11,02,06,Junín,Concepción,Chambará
110207,11,02,07,Junín,Concepción,Heroínas Toledo
110208,11,02,08,Junín,Concepción,Manzanares
110209,11,02,09,Junín,Concepción,Mariscal Castilla
110210,11,02,10,Junín,Concepción,Matahuasi
110211,11,02,11,Junín,Concepción,Mito
110212,11,02,12,Junín,Concepción,Nueve de Julio
110213,11,02,13,Junín,Concepción,Orcotuna
110214,11,02,14,Junín,Concepción,Santa Rosa de Ocopa
110215,11,02,15,Junín,Concepción,San José de Quero
110101,11,01,01,Junín,Huancayo,Huancayo
110103,11,01,03,Junín,Huancayo,Carhuacallanga
110104,11,01,04,Junín,Huancayo,Colca
110105,11,01,05,Junín,Huancayo,Cullhuas
110106,11,01,06,Junín,Huancayo,Chacapampa
110107,11,01,07,Junín,Huancayo,Chicche
110108,11,01,08,Junín,Huancayo,Chilca
110109,11,01,09,Junín,Huancayo,Chongos Alto
110112,11,01,12,Junín,Huancayo,Chupuro
110113,11,01,13,Junín,Huancayo,El Tambo
110114,11,01,14,Junín,Huancayo,Huacrapuquio
110116,11,01,16,Junín,Huancayo,Hualhuas
110118,11,01,18,Junín,Huancayo,Huancán
110119,11,01,19,Junín,Huancayo,Huasicancha
110120,11,01,20,Junín,Huancayo,Huayucachi
110121,11,01,21,Junín,Huancayo,Ingenio
110122,11,01,22,Junín,Huancayo,Pariahuanca
110123,11,01,23,Junín,Huancayo,Pilcomayo
110124,11,01,24,Junín,Huancayo,Pucará
110125,11,01,25,Junín,Huancayo,Quichuay
110126,11,01,26,Junín,Huancayo,Quilcas
110127,11,01,27,Junín,Huancayo,San Agustín
110128,11,01,28,Junín,Huancayo,San Jerónimo de Tunán
110131,11,01,31,Junín,Huancayo,Santo Domingo de Acobamba
110132,11,01,32,Junín,Huancayo,Saño
110133,11,01,33,Junín,Huancayo,Sapallanga
110134,11,01,34,Junín,Huancayo,Sicaya
110136,11,01,36,Junín,Huancayo,Viques
110901,11,09,01,Junín,Chupaca,Chupaca
110902,11,09,02,Junín,Chupaca,Ahuac
110903,11,09,03,Junín,Chupaca,Chongos Bajo
110904,11,09,04,Junín,Chupaca,Huáchac
110905,11,09,05,Junín,Chupaca,Huamancaca Chico
110906,11,09,06,Junín,Chupaca,San Juan de Iscos
110907,11,09,07,Junín,Chupaca,San Juan de Jarpa
110908,11,09,08,Junín,Chupaca,Tres de Diciembre
110909,11,09,09,Junín,Chupaca,Yanacancha
110401,11,04,01,Junín,Junín,Junín
110402,11,04,02,Junín,Junín,Carhuamayo
110403,11,04,03,Junín,Junín,Ondores
110404,11,04,04,Junín,Junín,Ulcumayo
110701,11,07,01,Junín,Satipo,Satipo
110702,11,07,02,Junín,Satipo,Coviriali
110703,11,07,03,Junín,Satipo,Llaylla
110704,11,07,04,Junín,Satipo,Mazamari
110705,11,07,05,Junín,Satipo,Pampa Hermosa
110706,11,07,06,Junín,Satipo,Pangoa
110707,11,07,07,Junín,Satipo,Río Negro
110708,11,07,08,Junín,Satipo,Río Tambo
110801,11,08,01,Junín,Chanchamayo,Chanchamayo
110802,11,08,02,Junín,Chanchamayo,San Ramón
110803,11,08,03,Junín,Chanchamayo,Vitoc
110804,11,08,04,Junín,Chanchamayo,San Luis de Shuaro
110805,11,08,05,Junín,Chanchamayo,Pichanaqui
110806,11,08,06,Junín,Chanchamayo,Perené
110301,11,03,01,Junín,Jauja,Jauja
110302,11,03,02,Junín,Jauja,Acolla
110303,11,03,03,Junín,Jauja,Apata
110304,11,03,04,Junín,Jauja,Ataura
110305,11,03,05,Junín,Jauja,Canchayllo
110306,11,03,06,Junín,Jauja,El Mantaro
110307,11,03,07,Junín,Jauja,Huamalí
110308,11,03,08,Junín,Jauja,Huaripampa
110309,11,03,09,Junín,Jauja,Huertas
110310,11,03,10,Junín,Jauja,Janjaillo
110311,11,03,11,Junín,Jauja,Julcán
110312,11,03,12,Junín,Jauja,Leonor Ordóñez
110313,11,03,13,Junín,Jauja,Llocllapampa
110314,11,03,14,Junín,Jauja,Marco
110315,11,03,15,Junín,Jauja,Masma
110316,11,03,16,Junín,Jauja,Molinos
110317,11,03,17,Junín,Jauja,Monobamba
110318,11,03,18,Junín,Jauja,Muqui
110319,11,03,19,Junín,Jauja,Muquiyauyo
110320,11,03,20,Junín,Jauja,Paca
110321,11,03,21,Junín,Jauja,Paccha
110322,11,03,22,Junín,Jauja,Pancán
110323,11,03,23,Junín,Jauja,Parco
110324,11,03,24,Junín,Jauja,Pomacancha
110325,11,03,25,Junín,Jauja,Ricrán
110326,11,03,26,Junín,Jauja,San Lorenzo
110327,11,03,27,Junín,Jauja,San Pedro de Chunán
110328,11,03,28,Junín,Jauja,Sincos
110329,11,03,29,Junín,Jauja,Tunan Marca
110330,11,03,30,Junín,Jauja,Yauli
110331,11,03,31,Junín,Jauja,Curicaca
110332,11,03,32,Junín,Jauja,Masma Chicche
110333,11,03,33,Junín,Jauja,Sausa
110334,11,03,34,Junín,Jauja,Yauyos
110501,11,05,01,Junín,Tarma,Tarma
110502,11,05,02,Junín,Tarma,Acobamba
110503,11,05,03,Junín,Tarma,Huaricolca
110504,11,05,04,Junín,Tarma,Huasahuasi
110505,11,05,05,Junín,Tarma,La Unión
110506,11,05,06,Junín,Tarma,Palca
110507,11,05,07,Junín,Tarma,Palcamayo
110508,11,05,08,Junín,Tarma,San Pedro de Cajas
110509,11,05,09,Junín,Tarma,Tapo
110601,11,06,01,Junín,Yauli,La Oroya
110602,11,06,02,Junín,Yauli,Chacapalpa
110603,11,06,03,Junín,Yauli,Huay-Huay
110604,11,06,04,Junín,Yauli,Marcapomacocha
110605,11,06,05,Junín,Yauli,Morococha
110606,11,06,06,Junín,Yauli,Paccha
110607,11,06,07,Junín,Yauli,Santa Bárbara de Carhuacayán
110608,11,06,08,Junín,Yauli,Suitucancha
110609,11,06,09,Junín,Yauli,Yauli
110610,11,06,10,Junín,Yauli,Santa Rosa de Sacco
120801,12,08,01,La Libertad,Ascope,Ascope
120802,12,08,02,La Libertad,Ascope,Chicama
120803,12,08,03,La Libertad,Ascope,Chocope
120804,12,08,04,La Libertad,Ascope,Santiago de Cao
120805,12,08,05,La Libertad,Ascope,Magdalena de Cao
120806,12,08,06,La Libertad,Ascope,Paiján
120807,12,08,07,La Libertad,Ascope,Rázuri
120808,12,08,08,La Libertad,Ascope,Casa Grande
120901,12,09,01,La Libertad,Chepén,Chepén
120902,12,09,02,La Libertad,Chepén,Pacanga
120903,12,09,03,La Libertad,Chepén,Pueblo Nuevo
120301,12,03,01,La Libertad,Sánchez Carrión,Huamachuco
120302,12,03,02,La Libertad,Sánchez Carrión,Cochorco
120303,12,03,03,La Libertad,Sánchez Carrión,Curgos
120304,12,03,04,La Libertad,Sánchez Carrión,Chugay
120305,12,03,05,La Libertad,Sánchez Carrión,Marcabal
120306,12,03,06,La Libertad,Sánchez Carrión,Sanagoran
120307,12,03,07,La Libertad,Sánchez Carrión,Sarín
120308,12,03,08,La Libertad,Sánchez Carrión,Sartimbamba
121101,12,11,01,La Libertad,Gran Chimú,Cascas
121102,12,11,02,La Libertad,Gran Chimú,Lucma
121103,12,11,03,La Libertad,Gran Chimú,Marmot
121104,12,11,04,La Libertad,Gran Chimú,Sayapullo
120501,12,05,01,La Libertad,Pacasmayo,San Pedro de Lloc
120503,12,05,03,La Libertad,Pacasmayo,Guadalupe
120504,12,05,04,La Libertad,Pacasmayo,Jequetepeque
120506,12,05,06,La Libertad,Pacasmayo,Pacasmayo
120508,12,05,08,La Libertad,Pacasmayo,San José
120101,12,01,01,La Libertad,Trujillo,Trujillo
120102,12,01,02,La Libertad,Trujillo,Huanchaco
120103,12,01,03,La Libertad,Trujillo,Laredo
120104,12,01,04,La Libertad,Trujillo,Moche
120105,12,01,05,La Libertad,Trujillo,Salaverry
120106,12,01,06,La Libertad,Trujillo,Simbal
120107,12,01,07,La Libertad,Trujillo,Victor Larco Herrera
120109,12,01,09,La Libertad,Trujillo,Poroto
120110,12,01,10,La Libertad,Trujillo,El Porvenir
120111,12,01,11,La Libertad,Trujillo,La Esperanza
120112,12,01,12,La Libertad,Trujillo,Florencia de Mora
121201,12,12,01,La Libertad,Virú,Virú
121202,12,12,02,La Libertad,Virú,Chao
121203,12,12,03,La Libertad,Virú,Guadalupito
120401,12,04,01,La Libertad,Otuzco,Otuzco
120402,12,04,02,La Libertad,Otuzco,Agallpampa
120403,12,04,03,La Libertad,Otuzco,Charat
120404,12,04,04,La Libertad,Otuzco,Huaranchal
120405,12,04,05,La Libertad,Otuzco,La Cuesta
120408,12,04,08,La Libertad,Otuzco,Paranday
120409,12,04,09,La Libertad,Otuzco,Salpo
120410,12,04,10,La Libertad,Otuzco,Sinsicap
120411,12,04,11,La Libertad,Otuzco,Usquil
120413,12,04,13,La Libertad,Otuzco,Mache
121001,12,10,01,La Libertad,Julcán,Julcán
121002,12,10,02,La Libertad,Julcán,Carabamba
121003,12,10,03,La Libertad,Julcán,Calamarca
121004,12,10,04,La Libertad,Julcán,Huaso
120601,12,06,01,La Libertad,Pataz,Tayabamba
120602,12,06,02,La Libertad,Pataz,Buldibuyo
120603,12,06,03,La Libertad,Pataz,Chillia
120604,12,06,04,La Libertad,Pataz,Huaylillas
120605,12,06,05,La Libertad,Pataz,Huancaspata
120606,12,06,06,La Libertad,Pataz,Huayo
120607,12,06,07,La Libertad,Pataz,Ongon
120608,12,06,08,La Libertad,Pataz,Parcoy
120609,12,06,09,La Libertad,Pataz,Pataz
120610,12,06,10,La Libertad,Pataz,Pias
120611,12,06,11,La Libertad,Pataz,Taurija
120612,12,06,12,La Libertad,Pataz,Urpay
120613,12,06,13,La Libertad,Pataz,Santiago de Challas
120701,12,07,01,La Libertad,Santiago de Chuco,Santiago de Chuco
120702,12,07,02,La Libertad,Santiago de Chuco,Cachicadan
120703,12,07,03,La Libertad,Santiago de Chuco,Mollebamba
120704,12,07,04,La Libertad,Santiago de Chuco,Mollepata
120705,12,07,05,La Libertad,Santiago de Chuco,Quiruvilca
120706,12,07,06,La Libertad,Santiago de Chuco,Santa Cruz de Chuca
120707,12,07,07,La Libertad,Santiago de Chuco,Sitabamba
120708,12,07,08,La Libertad,Santiago de Chuco,Angasmarca
120201,12,02,01,La Libertad,Bolívar,Bolívar
120202,12,02,02,La Libertad,Bolívar,Bambamarca
120203,12,02,03,La Libertad,Bolívar,Condormarca
120204,12,02,04,La Libertad,Bolívar,Longotea
120205,12,02,05,La Libertad,Bolívar,Ucuncha
120206,12,02,06,La Libertad,Bolívar,Uchumarca
130301,13,03,01,Lambayeque,Lambayeque,Lambayeque
130302,13,03,02,Lambayeque,Lambayeque,Chochope
130303,13,03,03,Lambayeque,Lambayeque,Illimo
130304,13,03,04,Lambayeque,Lambayeque,Jayanca
130305,13,03,05,Lambayeque,Lambayeque,Mochumi
130306,13,03,06,Lambayeque,Lambayeque,Mórrope
130307,13,03,07,Lambayeque,Lambayeque,Motupe
130308,13,03,08,Lambayeque,Lambayeque,Olmos
130309,13,03,09,Lambayeque,Lambayeque,Pacora
130310,13,03,10,Lambayeque,Lambayeque,Salas
130311,13,03,11,Lambayeque,Lambayeque,San José
130312,13,03,12,Lambayeque,Lambayeque,Tucume
130101,13,01,01,Lambayeque,Chiclayo,Chiclayo
130102,13,01,02,Lambayeque,Chiclayo,Chongoyape
130103,13,01,03,Lambayeque,Chiclayo,Etén
130104,13,01,04,Lambayeque,Chiclayo,Etén Puerto
130105,13,01,05,Lambayeque,Chiclayo,Lagunas
130106,13,01,06,Lambayeque,Chiclayo,Monsefú
130107,13,01,07,Lambayeque,Chiclayo,Nueva Arica
130108,13,01,08,Lambayeque,Chiclayo,Oyotun
130109,13,01,09,Lambayeque,Chiclayo,Picsi
130110,13,01,10,Lambayeque,Chiclayo,Pimentel
130111,13,01,11,Lambayeque,Chiclayo,Reque
130112,13,01,12,Lambayeque,Chiclayo,José Leonardo Ortiz
130113,13,01,13,Lambayeque,Chiclayo,Santa Rosa
130114,13,01,14,Lambayeque,Chiclayo,Saña
130115,13,01,15,Lambayeque,Chiclayo,La Victoria
130116,13,01,16,Lambayeque,Chiclayo,Cayaltí
130117,13,01,17,Lambayeque,Chiclayo,Patapo
130118,13,01,18,Lambayeque,Chiclayo,Pomalca
130119,13,01,19,Lambayeque,Chiclayo,Pucala
130120,13,01,20,Lambayeque,Chiclayo,Tumán
130201,13,02,01,Lambayeque,Ferreñafe,Ferreñafe
130202,13,02,02,Lambayeque,Ferreñafe,Incahuasi
130203,13,02,03,Lambayeque,Ferreñafe,Cañaris
130204,13,02,04,Lambayeque,Ferreñafe,Pitipo
130205,13,02,05,Lambayeque,Ferreñafe,Pueblo Nuevo
130206,13,02,06,Lambayeque,Ferreñafe,Manuel Antonio Mesones Muro
140301,14,03,01,Lima,Canta,Canta
140302,14,03,02,Lima,Canta,Arahuay
140303,14,03,03,Lima,Canta,Huamantanga
140304,14,03,04,Lima,Canta,Huaros
140305,14,03,05,Lima,Canta,Lachaqui
140306,14,03,06,Lima,Canta,San Buenaventura
140307,14,03,07,Lima,Canta,Santa Rosa de Quives
141001,14,10,01,Lima,Oyón,Oyón
141002,14,10,02,Lima,Oyón,Naván
141003,14,10,03,Lima,Oyón,Caujul
141004,14,10,04,Lima,Oyón,Andajes
141005,14,10,05,Lima,Oyón,Pachangara
141006,14,10,06,Lima,Oyón,Cochamarca
140501,14,05,01,Lima,Huaura,Huacho
140502,14,05,02,Lima,Huaura,Ambar
140504,14,05,04,Lima,Huaura,Caleta de Carquín
140505,14,05,05,Lima,Huaura,Checras
140506,14,05,06,Lima,Huaura,Hualmay
140507,14,05,07,Lima,Huaura,Huaura
140508,14,05,08,Lima,Huaura,Leoncio Prado
140509,14,05,09,Lima,Huaura,Paccho
140511,14,05,11,Lima,Huaura,Santa Leonor
140512,14,05,12,Lima,Huaura,Santa María
140513,14,05,13,Lima,Huaura,Sayán
140516,14,05,16,Lima,Huaura,Vegueta
140401,14,04,01,Lima,Cañete,San Vicente de Cañete
140402,14,04,02,Lima,Cañete,Calango
140403,14,04,03,Lima,Cañete,Cerro Azul
140404,14,04,04,Lima,Cañete,Coayllo
140405,14,04,05,Lima,Cañete,Chilca
140406,14,04,06,Lima,Cañete,Imperial
140407,14,04,07,Lima,Cañete,Lunahuana
140408,14,04,08,Lima,Cañete,Mala
140409,14,04,09,Lima,Cañete,Nuevo Imperial
140410,14,04,10,Lima,Cañete,Pacarán
140411,14,04,11,Lima,Cañete,Quilmana
140412,14,04,12,Lima,Cañete,San Antonio
140413,14,04,13,Lima,Cañete,San Luis
140414,14,04,14,Lima,Cañete,Santa Cruz de Flores
140415,14,04,15,Lima,Cañete,Zuñiga
140416,14,04,16,Lima,Cañete,Asia
140801,14,08,01,Lima,Huaral,Huaral
140802,14,08,02,Lima,Huaral,Atavillos Alto
140803,14,08,03,Lima,Huaral,Atavillos Bajo
140804,14,08,04,Lima,Huaral,Aucallama
140805,14,08,05,Lima,Huaral,Chancay
140806,14,08,06,Lima,Huaral,Ihuari
140807,14,08,07,Lima,Huaral,Lampián
140808,14,08,08,Lima,Huaral,Pacaraos
140809,14,08,09,Lima,Huaral,San Miguel de Acos
140810,14,08,10,Lima,Huaral,Veintisiete de Noviembre
140811,14,08,11,Lima,Huaral,Santa Cruz de Andamarca
140812,14,08,12,Lima,Huaral,Sumbilca
140101,14,01,01,Lima,Lima,Lima
140102,14,01,02,Lima,Lima,Ancón
140103,14,01,03,Lima,Lima,Ate
140104,14,01,04,Lima,Lima,Breña
140105,14,01,05,Lima,Lima,Carabayllo
140106,14,01,06,Lima,Lima,Comas
140107,14,01,07,Lima,Lima,Chaclacayo
140108,14,01,08,Lima,Lima,Chorrillos
140109,14,01,09,Lima,Lima,La Victoria
140110,14,01,10,Lima,Lima,La Molina
140111,14,01,11,Lima,Lima,Lince
140112,14,01,12,Lima,Lima,Lurigancho
140113,14,01,13,Lima,Lima,Lurín
140114,14,01,14,Lima,Lima,Magdalena Del Mar
140115,14,01,15,Lima,Lima,Miraflores
140116,14,01,16,Lima,Lima,Pachacámac
140117,14,01,17,Lima,Lima,Pueblo Libre
140118,14,01,18,Lima,Lima,Pucusana
140119,14,01,19,Lima,Lima,Puente Piedra
140120,14,01,20,Lima,Lima,Punta Hermosa
140121,14,01,21,Lima,Lima,Punta Negra
140122,14,01,22,Lima,Lima,Rímac
140123,14,01,23,Lima,Lima,San Bartolo
140124,14,01,24,Lima,Lima,San Isidro
140201,14,02,01,Lima,Cajatambo,Cajatambo
140205,14,02,05,Lima,Cajatambo,Copa
140206,14,02,06,Lima,Cajatambo,Gorgor
140207,14,02,07,Lima,Cajatambo,Huancapón
140208,14,02,08,Lima,Cajatambo,Manas
140701,14,07,01,Lima,Yauyos,Yauyos
140702,14,07,02,Lima,Yauyos,Alis
140703,14,07,03,Lima,Yauyos,Allauca
140704,14,07,04,Lima,Yauyos,Ayaviri
140705,14,07,05,Lima,Yauyos,Azángaro
140706,14,07,06,Lima,Yauyos,Cacra
140707,14,07,07,Lima,Yauyos,Carania
140708,14,07,08,Lima,Yauyos,Cochas
140709,14,07,09,Lima,Yauyos,Colonia
140710,14,07,10,Lima,Yauyos,Chocos
140711,14,07,11,Lima,Yauyos,Huampara
140712,14,07,12,Lima,Yauyos,Huancaya
140713,14,07,13,Lima,Yauyos,Huangascar
140714,14,07,14,Lima,Yauyos,Huantan
140715,14,07,15,Lima,Yauyos,Huañec
140716,14,07,16,Lima,Yauyos,Laraos
140717,14,07,17,Lima,Yauyos,Lincha
140718,14,07,18,Lima,Yauyos,Miraflores
140719,14,07,19,Lima,Yauyos,Omas
140720,14,07,20,Lima,Yauyos,Quinches
140721,14,07,21,Lima,Yauyos,Quinocay
140722,14,07,22,Lima,Yauyos,San Joaquín
140723,14,07,23,Lima,Yauyos,San Pedro de Pilas
140724,14,07,24,Lima,Yauyos,Tanta
140725,14,07,25,Lima,Yauyos,Tauripampa
140726,14,07,26,Lima,Yauyos,Tupe
140727,14,07,27,Lima,Yauyos,Tomás
140728,14,07,28,Lima,Yauyos,Viñac
140729,14,07,29,Lima,Yauyos,Vitis
140730,14,07,30,Lima,Yauyos,Hongos
140731,14,07,31,Lima,Yauyos,Madean
140732,14,07,32,Lima,Yauyos,Putinza
140733,14,07,33,Lima,Yauyos,Catahuasi
140901,14,09,01,Lima,Barranca,Barranca
140902,14,09,02,Lima,Barranca,Paramonga
140903,14,09,03,Lima,Barranca,Pativilca
140904,14,09,04,Lima,Barranca,Supe
140905,14,09,05,Lima,Barranca,Supe Puerto
140601,14,06,01,Lima,Huarochirí,Matucana
140602,14,06,02,Lima,Huarochirí,Antioquía
140603,14,06,03,Lima,Huarochirí,Callahuanca
140604,14,06,04,Lima,Huarochirí,Carampoma
140605,14,06,05,Lima,Huarochirí,San Pedro de Casta
140606,14,06,06,Lima,Huarochirí,San José de los Chorrillos
140607,14,06,07,Lima,Huarochirí,Chicla
140608,14,06,08,Lima,Huarochirí,Huanza
140609,14,06,09,Lima,Huarochirí,Huarochirí
140610,14,06,10,Lima,Huarochirí,Lahuaytambo
140611,14,06,11,Lima,Huarochirí,Langa
140612,14,06,12,Lima,Huarochirí,Mariatana
140613,14,06,13,Lima,Huarochirí,Ricardo Palma
140614,14,06,14,Lima,Huarochirí,San Andrés de Tupicocha
140615,14,06,15,Lima,Huarochirí,San Antonio
140616,14,06,16,Lima,Huarochirí,San Bartolomé
140617,14,06,17,Lima,Huarochirí,San Damian
140618,14,06,18,Lima,Huarochirí,Sangallaya
140619,14,06,19,Lima,Huarochirí,San Juan de Tantaranche
140620,14,06,20,Lima,Huarochirí,San Lorenzo de Quinti
140621,14,06,21,Lima,Huarochirí,San Mateo
140622,14,06,22,Lima,Huarochirí,San Mateo de Otao
140623,14,06,23,Lima,Huarochirí,San Pedro de Huancayre
140624,14,06,24,Lima,Huarochirí,Santa Cruz de Cocachacra
140625,14,06,25,Lima,Huarochirí,Santa Eulalia
140626,14,06,26,Lima,Huarochirí,Santiago de Anchucaya
140627,14,06,27,Lima,Huarochirí,Santiago de Tuna
140628,14,06,28,Lima,Huarochirí,Santo Domingo de Los Olleros
140629,14,06,29,Lima,Huarochirí,Surco
140630,14,06,30,Lima,Huarochirí,Huachupampa
140631,14,06,31,Lima,Huarochirí,Laraos
140632,14,06,32,Lima,Huarochirí,San Juan de Iris
150101,15,01,01,Loreto,Maynas,Iquitos
150102,15,01,02,Loreto,Maynas,Alto Nanay
150103,15,01,03,Loreto,Maynas,Fernando Lores
150104,15,01,04,Loreto,Maynas,Las Amazonas
150105,15,01,05,Loreto,Maynas,Mazan
150106,15,01,06,Loreto,Maynas,Napo
150107,15,01,07,Loreto,Maynas,Putumayo
150108,15,01,08,Loreto,Maynas,Torres Causana
150110,15,01,10,Loreto,Maynas,Indiana
150111,15,01,11,Loreto,Maynas,Punchana
150112,15,01,12,Loreto,Maynas,Belén
150113,15,01,13,Loreto,Maynas,San Juan Bautista
150114,15,01,14,Loreto,Maynas,Teniente Manuel Clavero
150301,15,03,01,Loreto,Loreto,Nauta
150302,15,03,02,Loreto,Loreto,Parinari
150303,15,03,03,Loreto,Loreto,Tigre
150304,15,03,04,Loreto,Loreto,Urarinas
150305,15,03,05,Loreto,Loreto,Trompeteros
150201,15,02,01,Loreto,Alto Amazonas,Yurimaguas
150202,15,02,02,Loreto,Alto Amazonas,Balsapuerto
150205,15,02,05,Loreto,Alto Amazonas,Jeberos
150206,15,02,06,Loreto,Alto Amazonas,Lagunas
150210,15,02,10,Loreto,Alto Amazonas,Santa Cruz
150211,15,02,11,Loreto,Alto Amazonas,Teniente César López Rojas
150401,15,04,01,Loreto,Requena,Requena
150402,15,04,02,Loreto,Requena,Alto Tapiche
150403,15,04,03,Loreto,Requena,Capelo
150404,15,04,04,Loreto,Requena,Emilio San Martín
150405,15,04,05,Loreto,Requena,Maquia
150406,15,04,06,Loreto,Requena,Puinahua
150407,15,04,07,Loreto,Requena,Saquena
150408,15,04,08,Loreto,Requena,Soplin
150409,15,04,09,Loreto,Requena,Tapiche
150410,15,04,10,Loreto,Requena,Jenaro Herrera
150411,15,04,11,Loreto,Requena,Yaquerana
150501,15,05,01,Loreto,Ucayali,Contamana
150502,15,05,02,Loreto,Ucayali,Vargas Guerra
150503,15,05,03,Loreto,Ucayali,Padre Márquez
150504,15,05,04,Loreto,Ucayali,Pampa Hermosa
150505,15,05,05,Loreto,Ucayali,Sarayacu
150506,15,05,06,Loreto,Ucayali,Inahuaya
150701,15,07,01,Loreto,Datem del Marañón,Barranca
150702,15,07,02,Loreto,Datem del Marañón,Andoas
150703,15,07,03,Loreto,Datem del Marañón,Cahuapanas
150704,15,07,04,Loreto,Datem del Marañón,Manseriche
150705,15,07,05,Loreto,Datem del Marañón,Morona
150706,15,07,06,Loreto,Datem del Marañón,Pastaza
150601,15,06,01,Loreto,Mariscal Ramón Castilla,Ramón Castilla
150602,15,06,02,Loreto,Mariscal Ramón Castilla,Pebas
150603,15,06,03,Loreto,Mariscal Ramón Castilla,Yavari
150604,15,06,04,Loreto,Mariscal Ramón Castilla,San Pablo
160101,16,01,01,Madre de Dios,Tambopata,Tambopata
160102,16,01,02,Madre de Dios,Tambopata,Inambari
160103,16,01,03,Madre de Dios,Tambopata,Las Piedras
160104,16,01,04,Madre de Dios,Tambopata,Laberinto
160201,16,02,01,Madre de Dios,Manu,Manu
160202,16,02,02,Madre de Dios,Manu,Fitzcarrald
160203,16,02,03,Madre de Dios,Manu,Madre de Dios
160204,16,02,04,Madre de Dios,Manu,Huepetuhe
160301,16,03,01,Madre de Dios,Tahuamanu,Iñapari
160302,16,03,02,Madre de Dios,Tahuamanu,Iberia
160303,16,03,03,Madre de Dios,Tahuamanu,Tahuamanu
170301,17,03,01,Moquegua,Ilo,Ilo
170302,17,03,02,Moquegua,Ilo,El Algarrobal
170303,17,03,03,Moquegua,Ilo,Pacocha
170201,17,02,01,Moquegua,General Sánchez Cerro,Omate
170202,17,02,02,Moquegua,General Sánchez Cerro,Coalaque
170203,17,02,03,Moquegua,General Sánchez Cerro,Chojata
170204,17,02,04,Moquegua,General Sánchez Cerro,Ichuña
170205,17,02,05,Moquegua,General Sánchez Cerro,La Capilla
170206,17,02,06,Moquegua,General Sánchez Cerro,Lloque
170207,17,02,07,Moquegua,General Sánchez Cerro,Matalaque
170208,17,02,08,Moquegua,General Sánchez Cerro,Puquina
170209,17,02,09,Moquegua,General Sánchez Cerro,Quinistaquillas
170210,17,02,10,Moquegua,General Sánchez Cerro,Ubinas
170211,17,02,11,Moquegua,General Sánchez Cerro,Yunga
170101,17,01,01,Moquegua,Mariscal Nieto,Moquegua
170102,17,01,02,Moquegua,Mariscal Nieto,Carumas
170103,17,01,03,Moquegua,Mariscal Nieto,Cuchumbaya
170104,17,01,04,Moquegua,Mariscal Nieto,San Cristóbal
170105,17,01,05,Moquegua,Mariscal Nieto,Torata
170106,17,01,06,Moquegua,Mariscal Nieto,Samegua
180101,18,01,01,Pasco,Pasco,Chaupimarca
180103,18,01,03,Pasco,Pasco,Huachón
180104,18,01,04,Pasco,Pasco,Huariaca
180105,18,01,05,Pasco,Pasco,Huayllay
180106,18,01,06,Pasco,Pasco,Ninacaca
180107,18,01,07,Pasco,Pasco,Pallanchacra
180108,18,01,08,Pasco,Pasco,Paucartambo
180109,18,01,09,Pasco,Pasco,SAN FCO DE ASIS DE YARUSYACAN
180110,18,01,10,Pasco,Pasco,Simón Bolívar
180111,18,01,11,Pasco,Pasco,Ticlacayan
180112,18,01,12,Pasco,Pasco,Tinyahuarco
180113,18,01,13,Pasco,Pasco,Vicco
180114,18,01,14,Pasco,Pasco,Yanacancha
180201,18,02,01,Pasco,Daniel Alcides Carrión,Yanahuanca
180202,18,02,02,Pasco,Daniel Alcides Carrión,Chacayan
180203,18,02,03,Pasco,Daniel Alcides Carrión,Goyllarisquizga
180204,18,02,04,Pasco,Daniel Alcides Carrión,Paucar
180205,18,02,05,Pasco,Daniel Alcides Carrión,San Pedro de Pillao
180206,18,02,06,Pasco,Daniel Alcides Carrión,Santa Ana de Tusi
180207,18,02,07,Pasco,Daniel Alcides Carrión,Tapuc
180208,18,02,08,Pasco,Daniel Alcides Carrión,Vilcabamba
180301,18,03,01,Pasco,Oxapampa,Oxapampa
180302,18,03,02,Pasco,Oxapampa,Chontabamba
180303,18,03,03,Pasco,Oxapampa,Huancabamba
180304,18,03,04,Pasco,Oxapampa,Puerto Bermúdez
180305,18,03,05,Pasco,Oxapampa,Villa Rica
180306,18,03,06,Pasco,Oxapampa,Pozuzo
180307,18,03,07,Pasco,Oxapampa,Palcazu
180308,18,03,08,Pasco,Oxapampa,Constitución
190201,19,02,01,Piura,Ayabaca,Ayabaca
190202,19,02,02,Piura,Ayabaca,Frías
190203,19,02,03,Piura,Ayabaca,Lagunas
190204,19,02,04,Piura,Ayabaca,Montero
190205,19,02,05,Piura,Ayabaca,Pacaipampa
190206,19,02,06,Piura,Ayabaca,Sapillica
190207,19,02,07,Piura,Ayabaca,Sicchez
190208,19,02,08,Piura,Ayabaca,Suyo
190209,19,02,09,Piura,Ayabaca,Jilili
190210,19,02,10,Piura,Ayabaca,Paimas
190301,19,03,01,Piura,Huancabamba,Huancabamba
190302,19,03,02,Piura,Huancabamba,Canchaque
190303,19,03,03,Piura,Huancabamba,Huarmaca
190304,19,03,04,Piura,Huancabamba,Sondor
190305,19,03,05,Piura,Huancabamba,Sondorillo
190306,19,03,06,Piura,Huancabamba,El Carmen de La Frontera
190307,19,03,07,Piura,Huancabamba,San Miguel de El Faique
190308,19,03,08,Piura,Huancabamba,Lalaquiz
190601,19,06,01,Piura,Sullana,Sullana
190602,19,06,02,Piura,Sullana,Bellavista
190603,19,06,03,Piura,Sullana,Lancones
190604,19,06,04,Piura,Sullana,Marcavelica
190605,19,06,05,Piura,Sullana,Miguel Checa
190606,19,06,06,Piura,Sullana,Querecotillo
190607,19,06,07,Piura,Sullana,Salitral
190608,19,06,08,Piura,Sullana,Ignacio Escudero
190401,19,04,01,Piura,Morropón,Chulucanas
190402,19,04,02,Piura,Morropón,Buenos Aires
190403,19,04,03,Piura,Morropón,Chalaco
190404,19,04,04,Piura,Morropón,Morropón
190405,19,04,05,Piura,Morropón,Salitral
190406,19,04,06,Piura,Morropón,Santa Catalina de Mossa
190407,19,04,07,Piura,Morropón,Santo Domingo
190408,19,04,08,Piura,Morropón,La Matanza
190409,19,04,09,Piura,Morropón,Yamango
190410,19,04,10,Piura,Morropón,San Juan de Bigote
190801,19,08,01,Piura,Sechura,Sechura
190802,19,08,02,Piura,Sechura,Vice
190803,19,08,03,Piura,Sechura,Bernal
190804,19,08,04,Piura,Sechura,Bellavista de La Unión
190805,19,08,05,Piura,Sechura,Cristo Nos Valga
190806,19,08,06,Piura,Sechura,RINCONADA-LLICUAR
190501,19,05,01,Piura,Paita,Paita
190502,19,05,02,Piura,Paita,Amotape
190503,19,05,03,Piura,Paita,Arenal
190504,19,05,04,Piura,Paita,La Huaca
190505,19,05,05,Piura,Paita,Colan
190506,19,05,06,Piura,Paita,Tamarindo
190507,19,05,07,Piura,Paita,Vichayal
190101,19,01,01,Piura,Piura,Piura
190103,19,01,03,Piura,Piura,Castilla
190104,19,01,04,Piura,Piura,Catacaos
190105,19,01,05,Piura,Piura,La Arena
190106,19,01,06,Piura,Piura,La Unión
190107,19,01,07,Piura,Piura,Las Lomas
190109,19,01,09,Piura,Piura,Tambo Grande
190113,19,01,13,Piura,Piura,Cura Mori
190114,19,01,14,Piura,Piura,El Tallán
190701,19,07,01,Piura,Talara,Pariñas
190702,19,07,02,Piura,Talara,El Alto
190703,19,07,03,Piura,Talara,La Brea
190704,19,07,04,Piura,Talara,Lobitos
190705,19,07,05,Piura,Talara,Máncora
190706,19,07,06,Piura,Talara,Los Órganos
200101,20,01,01,Puno,Puno,Puno
200102,20,01,02,Puno,Puno,Acora
200103,20,01,03,Puno,Puno,Atuncolla
200104,20,01,04,Puno,Puno,Capachica
200105,20,01,05,Puno,Puno,Coata
200106,20,01,06,Puno,Puno,Chucuito
200107,20,01,07,Puno,Puno,Huata
200108,20,01,08,Puno,Puno,Mañazo
200109,20,01,09,Puno,Puno,Paucarcolla
200110,20,01,10,Puno,Puno,Pichacani
200111,20,01,11,Puno,Puno,San Antonio
200112,20,01,12,Puno,Puno,Tiquillaca
200113,20,01,13,Puno,Puno,Vilque
200114,20,01,14,Puno,Puno,Platería
200115,20,01,15,Puno,Puno,Amantani
200701,20,07,01,Puno,Melgar,Ayaviri
200702,20,07,02,Puno,Melgar,Antauta
200703,20,07,03,Puno,Melgar,Cupi
200704,20,07,04,Puno,Melgar,Llalli
200705,20,07,05,Puno,Melgar,Macari
200706,20,07,06,Puno,Melgar,Nuñoa
200707,20,07,07,Puno,Melgar,Orurillo
200708,20,07,08,Puno,Melgar,Santa Rosa
200709,20,07,09,Puno,Melgar,Umachiri
200301,20,03,01,Puno,Carabaya,Macusani
200302,20,03,02,Puno,Carabaya,Ajoyani
200303,20,03,03,Puno,Carabaya,Ayapata
200304,20,03,04,Puno,Carabaya,Coasa
200305,20,03,05,Puno,Carabaya,Corani
200306,20,03,06,Puno,Carabaya,Crucero
200307,20,03,07,Puno,Carabaya,Ituata
200308,20,03,08,Puno,Carabaya,Ollachea
200309,20,03,09,Puno,Carabaya,San Gabán
200310,20,03,10,Puno,Carabaya,Usicayos
200601,20,06,01,Puno,Lampa,Lampa
200602,20,06,02,Puno,Lampa,Cabanilla
200603,20,06,03,Puno,Lampa,Calapuja
200604,20,06,04,Puno,Lampa,Nicasio
200605,20,06,05,Puno,Lampa,Ocuviri
200606,20,06,06,Puno,Lampa,Palca
200607,20,06,07,Puno,Lampa,Paratia
200608,20,06,08,Puno,Lampa,Pucará
200609,20,06,09,Puno,Lampa,Santa Lucia
200610,20,06,10,Puno,Lampa,Vilavila
201101,20,11,01,Puno,San Antonio de Putina,Putina
201102,20,11,02,Puno,San Antonio de Putina,Pedro Vilca Apaza
201103,20,11,03,Puno,San Antonio de Putina,Quilcapuncu
201104,20,11,04,Puno,San Antonio de Putina,Ananea
201105,20,11,05,Puno,San Antonio de Putina,Sina
201301,20,13,01,Puno,Moho,Moho
201302,20,13,02,Puno,Moho,Conima
201303,20,13,03,Puno,Moho,Tilali
201304,20,13,04,Puno,Moho,Huayrapata
200201,20,02,01,Puno,Azángaro,Azángaro
200202,20,02,02,Puno,Azángaro,Achaya
200203,20,02,03,Puno,Azángaro,Arapa
200204,20,02,04,Puno,Azángaro,Asillo
200205,20,02,05,Puno,Azángaro,Caminaca
200206,20,02,06,Puno,Azángaro,Chupa
200207,20,02,07,Puno,Azángaro,José Domingo Choquehuanca
200208,20,02,08,Puno,Azángaro,Muñani
200210,20,02,10,Puno,Azángaro,Potoni
200212,20,02,12,Puno,Azángaro,Saman
200213,20,02,13,Puno,Azángaro,San Antón
200214,20,02,14,Puno,Azángaro,San José
200215,20,02,15,Puno,Azángaro,San Juan de Salinas
200216,20,02,16,Puno,Azángaro,Santiago de Pupuja
200217,20,02,17,Puno,Azángaro,Tirapata
200901,20,09,01,Puno,San Román,Juliaca
200902,20,09,02,Puno,San Román,Cabana
200903,20,09,03,Puno,San Román,Cabanillas
200904,20,09,04,Puno,San Román,Caracoto
201201,20,12,01,Puno,El Collao,Ilave
201202,20,12,02,Puno,El Collao,Pilcuyo
201203,20,12,03,Puno,El Collao,Santa Rosa
201204,20,12,04,Puno,El Collao,CAPASO
201205,20,12,05,Puno,El Collao,Conduriri
200801,20,08,01,Puno,Sandia,Sandia
200803,20,08,03,Puno,Sandia,Cuyocuyo
200804,20,08,04,Puno,Sandia,Limbani
200805,20,08,05,Puno,Sandia,Phara
200806,20,08,06,Puno,Sandia,Patambuco
200807,20,08,07,Puno,Sandia,Quiaca
200808,20,08,08,Puno,Sandia,San Juan del Oro
200810,20,08,10,Puno,Sandia,Yanahuaya
200811,20,08,11,Puno,Sandia,Alto Inambari
200812,20,08,12,Puno,Sandia,San Pedro de Putina Punco
200501,20,05,01,Puno,Huancané,Huancané
200502,20,05,02,Puno,Huancané,Cojata
200504,20,05,04,Puno,Huancané,Inchupalla
200506,20,05,06,Puno,Huancané,Pusi
200507,20,05,07,Puno,Huancané,Rosaspata
200508,20,05,08,Puno,Huancané,Taraco
200509,20,05,09,Puno,Huancané,Vilque Chico
200511,20,05,11,Puno,Huancané,Huatasani
201001,20,10,01,Puno,Yunguyo,Yunguyo
201002,20,10,02,Puno,Yunguyo,Unicachi
201003,20,10,03,Puno,Yunguyo,Anapia
201004,20,10,04,Puno,Yunguyo,Copani
201005,20,10,05,Puno,Yunguyo,Cuturapi
201006,20,10,06,Puno,Yunguyo,Ollaraya
201007,20,10,07,Puno,Yunguyo,Tinicachi
200401,20,04,01,Puno,Chucuito,Juli
200402,20,04,02,Puno,Chucuito,Desaguadero
200403,20,04,03,Puno,Chucuito,Huacullani
200406,20,04,06,Puno,Chucuito,Pisacoma
200407,20,04,07,Puno,Chucuito,Pomata
200410,20,04,10,Puno,Chucuito,Zepita
200412,20,04,12,Puno,Chucuito,Kelluyo
210201,21,02,01,San Martín,Huallaga,Saposoa
210202,21,02,02,San Martín,Huallaga,Piscoyacu
210203,21,02,03,San Martín,Huallaga,Sacanche
210204,21,02,04,San Martín,Huallaga,Tingo de Saposoa
210205,21,02,05,San Martín,Huallaga,Alto Saposoa
210206,21,02,06,San Martín,Huallaga,El Eslabón
210701,21,07,01,San Martín,Bellavista,Bellavista
210702,21,07,02,San Martín,Bellavista,San Rafael
210703,21,07,03,San Martín,Bellavista,San Pablo
210704,21,07,04,San Martín,Bellavista,Alto Biavo
210705,21,07,05,San Martín,Bellavista,Huallaga
210706,21,07,06,San Martín,Bellavista,Bajo Biavo
210801,21,08,01,San Martín,Tocache,Tocache
210802,21,08,02,San Martín,Tocache,Nuevo Progreso
210803,21,08,03,San Martín,Tocache,Pólvora
210804,21,08,04,San Martín,Tocache,Shunte
210805,21,08,05,San Martín,Tocache,Uchiza
211001,21,10,01,San Martín,El Dorado,San José de Sisa
211002,21,10,02,San Martín,El Dorado,Agua Blanca
211003,21,10,03,San Martín,El Dorado,Shatoja
211004,21,10,04,San Martín,El Dorado,San Martín
211005,21,10,05,San Martín,El Dorado,Santa Rosa
210901,21,09,01,San Martín,Picota,Picota
210902,21,09,02,San Martín,Picota,Buenos Aires
210903,21,09,03,San Martín,Picota,CASPIZAPA
210904,21,09,04,San Martín,Picota,Pilluana
210905,21,09,05,San Martín,Picota,Pucacaca
210906,21,09,06,San Martín,Picota,San Cristóbal
210907,21,09,07,San Martín,Picota,San Hilarión
210908,21,09,08,San Martín,Picota,Tingo de Ponasa
210909,21,09,09,San Martín,Picota,Tres Unidos
210910,21,09,10,San Martín,Picota,Shamboyacu
210101,21,01,01,San Martín,Moyobamba,Moyobamba
210102,21,01,02,San Martín,Moyobamba,Calzada
210103,21,01,03,San Martín,Moyobamba,Habana
210104,21,01,04,San Martín,Moyobamba,Jepelacio
210105,21,01,05,San Martín,Moyobamba,Soritor
210106,21,01,06,San Martín,Moyobamba,Yantalo
210501,21,05,01,San Martín,Rioja,Rioja
210502,21,05,02,San Martín,Rioja,Posic
210503,21,05,03,San Martín,Rioja,Yorongos
210504,21,05,04,San Martín,Rioja,Yuracyacu
210505,21,05,05,San Martín,Rioja,Nueva Cajamarca
210506,21,05,06,San Martín,Rioja,Elias Soplín Vargas
210507,21,05,07,San Martín,Rioja,San Fernando
210508,21,05,08,San Martín,Rioja,Pardo Miguel
210509,21,05,09,San Martín,Rioja,Awajun
210601,21,06,01,San Martín,San Martín,Tarapoto
210602,21,06,02,San Martín,San Martín,Alberto Leveau
210604,21,06,04,San Martín,San Martín,Cacatachi
210606,21,06,06,San Martín,San Martín,Chazuta
210607,21,06,07,San Martín,San Martín,Chipurana
210608,21,06,08,San Martín,San Martín,El Porvenir
210609,21,06,09,San Martín,San Martín,Huimbayoc
210610,21,06,10,San Martín,San Martín,Juan Guerra
210611,21,06,11,San Martín,San Martín,Morales
210612,21,06,12,San Martín,San Martín,Papaplaya
210616,21,06,16,San Martín,San Martín,San Antonio
210619,21,06,19,San Martín,San Martín,Sauce
210620,21,06,20,San Martín,San Martín,Shapaja
210621,21,06,21,San Martín,San Martín,La Banda de Shilcayo
210301,21,03,01,San Martín,Lamas,Lamas
210303,21,03,03,San Martín,Lamas,Barranquita
210304,21,03,04,San Martín,Lamas,Caynarachi
210305,21,03,05,San Martín,Lamas,Cuñumbuqui
210306,21,03,06,San Martín,Lamas,Pinto Recodo
210307,21,03,07,San Martín,Lamas,Rumisapa
210311,21,03,11,San Martín,Lamas,Shanao
210313,21,03,13,San Martín,Lamas,Tabalosos
210314,21,03,14,San Martín,Lamas,Zapatero
210315,21,03,15,San Martín,Lamas,Alonso de Alvarado
210316,21,03,16,San Martín,Lamas,San Roque de Cumbaza
210401,21,04,01,San Martín,Mariscal Cáceres,Juanjuí
210402,21,04,02,San Martín,Mariscal Cáceres,Campanilla
210403,21,04,03,San Martín,Mariscal Cáceres,Huicungo
210404,21,04,04,San Martín,Mariscal Cáceres,Pachiza
210405,21,04,05,San Martín,Mariscal Cáceres,Pajarillo
220101,22,01,01,Tacna,Tacna,Tacna
220102,22,01,02,Tacna,Tacna,Calana
220104,22,01,04,Tacna,Tacna,Inclán
220107,22,01,07,Tacna,Tacna,Pachia
220108,22,01,08,Tacna,Tacna,Palca
220109,22,01,09,Tacna,Tacna,Pocollay
220110,22,01,10,Tacna,Tacna,Sama
220111,22,01,11,Tacna,Tacna,Alto de La Alianza
220112,22,01,12,Tacna,Tacna,Ciudad Nueva
220113,22,01,13,Tacna,Tacna,CORONEL GREGORIO ALBARRACIN L.
220201,22,02,01,Tacna,Tarata,Tarata
220205,22,02,05,Tacna,Tarata,Héroes Albarracín
220206,22,02,06,Tacna,Tarata,Estique
220207,22,02,07,Tacna,Tarata,ESTIQUE PAMPA
220210,22,02,10,Tacna,Tarata,Sitajara
220211,22,02,11,Tacna,Tarata,Susapaya
220212,22,02,12,Tacna,Tarata,Tarucachi
220213,22,02,13,Tacna,Tarata,Ticaco
220301,22,03,01,Tacna,Jorge Basadre,Locumba
220302,22,03,02,Tacna,Jorge Basadre,Ite
220303,22,03,03,Tacna,Jorge Basadre,Ilabaya
220401,22,04,01,Tacna,Candarave,Candarave
220402,22,04,02,Tacna,Candarave,Cairani
220403,22,04,03,Tacna,Candarave,Curibaya
220404,22,04,04,Tacna,Candarave,Huanuara
220405,22,04,05,Tacna,Candarave,Quilahuani
220406,22,04,06,Tacna,Candarave,Camilaca
230101,23,01,01,Tumbes,Tumbes,Tumbes
230102,23,01,02,Tumbes,Tumbes,Corrales
230103,23,01,03,Tumbes,Tumbes,La Cruz
230104,23,01,04,Tumbes,Tumbes,Pampas de Hospital
230105,23,01,05,Tumbes,Tumbes,San Jacinto
230106,23,01,06,Tumbes,Tumbes,San Juan de La Virgen
230201,23,02,01,Tumbes,Contralmirante Villar,Zorritos
230202,23,02,02,Tumbes,Contralmirante Villar,Casitas
230203,23,02,03,Tumbes,Contralmirante Villar,Canoas de Punta Sal
230301,23,03,01,Tumbes,Zarumilla,Zarumilla
230302,23,03,02,Tumbes,Zarumilla,Matapalo
230303,23,03,03,Tumbes,Zarumilla,Papayal
230304,23,03,04,Tumbes,Zarumilla,Aguas Verdes
250201,25,02,01,Ucayali,Padre Abad,Padre Abad
250202,25,02,02,Ucayali,Padre Abad,Irazola
250203,25,02,03,Ucayali,Padre Abad,Curimaná
250401,25,04,01,Ucayali,Purús,Purús
250101,25,01,01,Ucayali,Coronel Portillo,Calleria
250102,25,01,02,Ucayali,Coronel Portillo,Yarinacocha
250103,25,01,03,Ucayali,Coronel Portillo,Masisea
250104,25,01,04,Ucayali,Coronel Portillo,Campoverde
250105,25,01,05,Ucayali,Coronel Portillo,Iparia
250106,25,01,06,Ucayali,Coronel Portillo,Nueva Requena
250107,25,01,07,Ucayali,Coronel Portillo,Manantay
250301,25,03,01,Ucayali,Atalaya,Raimondi
250302,25,03,02,Ucayali,Atalaya,Tahuania
250303,25,03,03,Ucayali,Atalaya,Yurua
250304,25,03,04,Ucayali,Atalaya,Sepahua
